date,crop,region,pricePerKg,quantitySoldKg
2025-01-01,wheat,"Sonipat, Haryana",23.51,232
2025-01-08,wheat,"Sonipat, Haryana",22.52,490
2025-01-15,wheat,"Sonipat, Haryana",23.82,1079
2025-01-22,wheat,"Sonipat, Haryana",24.28,313
2025-01-29,wheat,"Sonipat, Haryana",22.99,238
2025-02-05,wheat,"Sonipat, Haryana",25.26,964
2025-02-12,wheat,"Sonipat, Haryana",24.68,515
2025-02-19,wheat,"Sonipat, Haryana",26.66,1021
2025-02-26,wheat,"Sonipat, Haryana",25.33,1086
2025-03-05,wheat,"Sonipat, Haryana",29.43,253
2025-03-12,wheat,"Sonipat, Haryana",29.44,1347
2025-03-19,wheat,"Sonipat, Haryana",27.88,489
2025-03-26,wheat,"Sonipat, Haryana",30.02,775
2025-04-02,wheat,"Sonipat, Haryana",27.84,407
2025-04-09,wheat,"Sonipat, Haryana",30.52,1231
2025-04-16,wheat,"Sonipat, Haryana",30.4,1435
2025-04-23,wheat,"Sonipat, Haryana",29.48,1831
2025-04-30,wheat,"Sonipat, Haryana",28.95,1147
2025-05-07,wheat,"Sonipat, Haryana",29.75,1221
2025-05-14,wheat,"Sonipat, Haryana",29.89,1156
2025-05-21,wheat,"Sonipat, Haryana",29.38,315
2025-05-28,wheat,"Sonipat, Haryana",27.76,700
2025-06-04,wheat,"Sonipat, Haryana",25.23,565
2025-06-11,wheat,"Sonipat, Haryana",25.32,631
2025-06-18,wheat,"Sonipat, Haryana",27.05,758
2025-06-25,wheat,"Sonipat, Haryana",26.23,531
2025-07-02,wheat,"Sonipat, Haryana",23.04,1417
2025-07-09,wheat,"Sonipat, Haryana",24.15,991
2025-07-16,wheat,"Sonipat, Haryana",22.81,1147
2025-07-23,wheat,"Sonipat, Haryana",22.81,693
2025-07-30,wheat,"Sonipat, Haryana",25.19,1031
2025-08-06,wheat,"Sonipat, Haryana",20.98,953
2025-08-13,wheat,"Sonipat, Haryana",21.72,1057
2025-08-20,wheat,"Sonipat, Haryana",20.2,211
2025-08-27,wheat,"Sonipat, Haryana",20.44,479
2025-09-03,wheat,"Sonipat, Haryana",18.08,1117
2025-09-10,wheat,"Sonipat, Haryana",19.6,477
2025-09-17,wheat,"Sonipat, Haryana",19.12,559
2025-09-24,wheat,"Sonipat, Haryana",19.72,624
2025-10-01,wheat,"Sonipat, Haryana",17.49,390
2025-10-08,wheat,"Sonipat, Haryana",18.15,406
2025-10-15,wheat,"Sonipat, Haryana",18.21,1025
2025-10-22,wheat,"Sonipat, Haryana",17.83,363
2025-10-29,wheat,"Sonipat, Haryana",19.14,646
2025-11-05,wheat,"Sonipat, Haryana",17.96,204
2025-11-12,wheat,"Sonipat, Haryana",18.02,795
2025-11-19,wheat,"Sonipat, Haryana",19.59,586
2025-11-26,wheat,"Sonipat, Haryana",17.95,545
2025-12-03,wheat,"Sonipat, Haryana",22.43,776
2025-12-10,wheat,"Sonipat, Haryana",22.39,1154
2025-12-17,wheat,"Sonipat, Haryana",19.97,994
2025-12-24,wheat,"Sonipat, Haryana",21.7,785
2025-12-31,wheat,"Sonipat, Haryana",20.66,904
2026-01-07,wheat,"Sonipat, Haryana",23.18,765
2026-01-14,wheat,"Sonipat, Haryana",24.2,1439
2026-01-21,wheat,"Sonipat, Haryana",25.45,542
2026-01-28,wheat,"Sonipat, Haryana",24.38,432
2026-02-04,wheat,"Sonipat, Haryana",28.81,1498
2026-02-11,wheat,"Sonipat, Haryana",26.81,1159
2026-02-18,wheat,"Sonipat, Haryana",27.86,448
2026-02-25,wheat,"Sonipat, Haryana",28.39,1013
2026-03-04,wheat,"Sonipat, Haryana",30.79,1082
2026-03-11,wheat,"Sonipat, Haryana",28.03,755
2026-03-18,wheat,"Sonipat, Haryana",28.13,1712
2026-03-25,wheat,"Sonipat, Haryana",31.23,1558
2026-04-01,wheat,"Sonipat, Haryana",30.02,344
2026-04-08,wheat,"Sonipat, Haryana",32.15,1788
2026-04-15,wheat,"Sonipat, Haryana",29.25,1039
2026-04-22,wheat,"Sonipat, Haryana",29.22,1485
2026-04-29,wheat,"Sonipat, Haryana",31.82,458
2026-05-06,wheat,"Sonipat, Haryana",29.95,1112
2026-05-13,wheat,"Sonipat, Haryana",29.22,1623
2026-05-20,wheat,"Sonipat, Haryana",29.82,578
2026-05-27,wheat,"Sonipat, Haryana",30.26,1397
2026-06-03,wheat,"Sonipat, Haryana",26.88,680
2026-06-10,wheat,"Sonipat, Haryana",29.56,1175
2026-06-17,wheat,"Sonipat, Haryana",27.72,981
2026-06-24,wheat,"Sonipat, Haryana",26.68,553
2026-07-01,wheat,"Sonipat, Haryana",24.39,964
2026-07-08,wheat,"Sonipat, Haryana",24.09,486
2026-07-15,wheat,"Sonipat, Haryana",23.63,1020
2026-07-22,wheat,"Sonipat, Haryana",24.13,1377
2026-07-29,wheat,"Sonipat, Haryana",26.04,292
2025-01-01,wheat,"Nashik, Maharashtra",23.08,1069
2025-01-08,wheat,"Nashik, Maharashtra",23.03,372
2025-01-15,wheat,"Nashik, Maharashtra",25.12,942
2025-01-22,wheat,"Nashik, Maharashtra",23.82,1220
2025-01-29,wheat,"Nashik, Maharashtra",24.8,447
2025-02-05,wheat,"Nashik, Maharashtra",25.63,855
2025-02-12,wheat,"Nashik, Maharashtra",26.71,908
2025-02-19,wheat,"Nashik, Maharashtra",27.73,1209
2025-02-26,wheat,"Nashik, Maharashtra",28.58,368
2025-03-05,wheat,"Nashik, Maharashtra",28.9,779
2025-03-12,wheat,"Nashik, Maharashtra",30.54,636
2025-03-19,wheat,"Nashik, Maharashtra",28.2,952
2025-03-26,wheat,"Nashik, Maharashtra",29.05,683
2025-04-02,wheat,"Nashik, Maharashtra",29.25,1750
2025-04-09,wheat,"Nashik, Maharashtra",29.98,1649
2025-04-16,wheat,"Nashik, Maharashtra",30.4,332
2025-04-23,wheat,"Nashik, Maharashtra",32.06,1608
2025-04-30,wheat,"Nashik, Maharashtra",31.98,1755
2025-05-07,wheat,"Nashik, Maharashtra",30.72,506
2025-05-14,wheat,"Nashik, Maharashtra",29.47,581
2025-05-21,wheat,"Nashik, Maharashtra",29.2,336
2025-05-28,wheat,"Nashik, Maharashtra",29.15,1801
2025-06-04,wheat,"Nashik, Maharashtra",26.61,1371
2025-06-11,wheat,"Nashik, Maharashtra",27.25,843
2025-06-18,wheat,"Nashik, Maharashtra",28.93,1680
2025-06-25,wheat,"Nashik, Maharashtra",27.64,1275
2025-07-02,wheat,"Nashik, Maharashtra",23.42,585
2025-07-09,wheat,"Nashik, Maharashtra",25.83,952
2025-07-16,wheat,"Nashik, Maharashtra",24.6,1172
2025-07-23,wheat,"Nashik, Maharashtra",23.19,959
2025-07-30,wheat,"Nashik, Maharashtra",24.53,1308
2025-08-06,wheat,"Nashik, Maharashtra",20.59,1267
2025-08-13,wheat,"Nashik, Maharashtra",20.41,386
2025-08-20,wheat,"Nashik, Maharashtra",21.76,943
2025-08-27,wheat,"Nashik, Maharashtra",20.85,311
2025-09-03,wheat,"Nashik, Maharashtra",20.21,407
2025-09-10,wheat,"Nashik, Maharashtra",19.54,787
2025-09-17,wheat,"Nashik, Maharashtra",19.15,751
2025-09-24,wheat,"Nashik, Maharashtra",19.41,1108
2025-10-01,wheat,"Nashik, Maharashtra",17.89,848
2025-10-08,wheat,"Nashik, Maharashtra",17.98,535
2025-10-15,wheat,"Nashik, Maharashtra",18.96,442
2025-10-22,wheat,"Nashik, Maharashtra",18.19,883
2025-10-29,wheat,"Nashik, Maharashtra",17.66,596
2025-11-05,wheat,"Nashik, Maharashtra",20.63,1171
2025-11-12,wheat,"Nashik, Maharashtra",18.49,373
2025-11-19,wheat,"Nashik, Maharashtra",18.95,1107
2025-11-26,wheat,"Nashik, Maharashtra",20.41,1052
2025-12-03,wheat,"Nashik, Maharashtra",21.48,354
2025-12-10,wheat,"Nashik, Maharashtra",22.71,975
2025-12-17,wheat,"Nashik, Maharashtra",22.15,1297
2025-12-24,wheat,"Nashik, Maharashtra",22.28,183
2025-12-31,wheat,"Nashik, Maharashtra",22.73,515
2026-01-07,wheat,"Nashik, Maharashtra",25.54,1420
2026-01-14,wheat,"Nashik, Maharashtra",23.97,350
2026-01-21,wheat,"Nashik, Maharashtra",23.91,919
2026-01-28,wheat,"Nashik, Maharashtra",24.43,986
2026-02-04,wheat,"Nashik, Maharashtra",29.03,522
2026-02-11,wheat,"Nashik, Maharashtra",28.77,611
2026-02-18,wheat,"Nashik, Maharashtra",28.3,1549
2026-02-25,wheat,"Nashik, Maharashtra",29.54,359
2026-03-04,wheat,"Nashik, Maharashtra",30.42,680
2026-03-11,wheat,"Nashik, Maharashtra",28.9,1462
2026-03-18,wheat,"Nashik, Maharashtra",31.26,657
2026-03-25,wheat,"Nashik, Maharashtra",31.68,1115
2026-04-01,wheat,"Nashik, Maharashtra",31.39,265
2026-04-08,wheat,"Nashik, Maharashtra",30.07,1685
2026-04-15,wheat,"Nashik, Maharashtra",33.26,1136
2026-04-22,wheat,"Nashik, Maharashtra",33.02,1196
2026-04-29,wheat,"Nashik, Maharashtra",30.44,457
2026-05-06,wheat,"Nashik, Maharashtra",30.24,1665
2026-05-13,wheat,"Nashik, Maharashtra",32.08,1604
2026-05-20,wheat,"Nashik, Maharashtra",32.49,575
2026-05-27,wheat,"Nashik, Maharashtra",30.11,405
2026-06-03,wheat,"Nashik, Maharashtra",29.7,1518
2026-06-10,wheat,"Nashik, Maharashtra",28.43,1132
2026-06-17,wheat,"Nashik, Maharashtra",27.59,1584
2026-06-24,wheat,"Nashik, Maharashtra",30.07,1652
2026-07-01,wheat,"Nashik, Maharashtra",26.59,1345
2026-07-08,wheat,"Nashik, Maharashtra",24.19,1157
2026-07-15,wheat,"Nashik, Maharashtra",25.16,1410
2026-07-22,wheat,"Nashik, Maharashtra",26.63,1323
2026-07-29,wheat,"Nashik, Maharashtra",26.68,546
2025-01-01,wheat,"Indore, MP",23.85,340
2025-01-08,wheat,"Indore, MP",24.11,1316
2025-01-15,wheat,"Indore, MP",22.33,1261
2025-01-22,wheat,"Indore, MP",23.01,596
2025-01-29,wheat,"Indore, MP",23.97,495
2025-02-05,wheat,"Indore, MP",24.57,507
2025-02-12,wheat,"Indore, MP",25.55,1489
2025-02-19,wheat,"Indore, MP",27.58,633
2025-02-26,wheat,"Indore, MP",26.58,809
2025-03-05,wheat,"Indore, MP",29.93,1091
2025-03-12,wheat,"Indore, MP",29.81,425
2025-03-19,wheat,"Indore, MP",29.95,525
2025-03-26,wheat,"Indore, MP",29.95,663
2025-04-02,wheat,"Indore, MP",27.81,956
2025-04-09,wheat,"Indore, MP",30.01,759
2025-04-16,wheat,"Indore, MP",29.61,1081
2025-04-23,wheat,"Indore, MP",28.86,1186
2025-04-30,wheat,"Indore, MP",28.43,1401
2025-05-07,wheat,"Indore, MP",26.83,1707
2025-05-14,wheat,"Indore, MP",28.7,1381
2025-05-21,wheat,"Indore, MP",29.42,1303
2025-05-28,wheat,"Indore, MP",28.15,353
2025-06-04,wheat,"Indore, MP",27.01,707
2025-06-11,wheat,"Indore, MP",25.92,1465
2025-06-18,wheat,"Indore, MP",27.24,664
2025-06-25,wheat,"Indore, MP",25.96,822
2025-07-02,wheat,"Indore, MP",23.36,584
2025-07-09,wheat,"Indore, MP",22.6,746
2025-07-16,wheat,"Indore, MP",24.93,1080
2025-07-23,wheat,"Indore, MP",24.85,1000
2025-07-30,wheat,"Indore, MP",23.16,912
2025-08-06,wheat,"Indore, MP",19.54,501
2025-08-13,wheat,"Indore, MP",20.63,834
2025-08-20,wheat,"Indore, MP",21.21,703
2025-08-27,wheat,"Indore, MP",20.7,418
2025-09-03,wheat,"Indore, MP",18.62,1074
2025-09-10,wheat,"Indore, MP",19.36,329
2025-09-17,wheat,"Indore, MP",17.78,681
2025-09-24,wheat,"Indore, MP",19.03,498
2025-10-01,wheat,"Indore, MP",18.63,882
2025-10-08,wheat,"Indore, MP",18.34,369
2025-10-15,wheat,"Indore, MP",17.33,173
2025-10-22,wheat,"Indore, MP",17.45,613
2025-10-29,wheat,"Indore, MP",18.77,221
2025-11-05,wheat,"Indore, MP",18.64,798
2025-11-12,wheat,"Indore, MP",18.16,865
2025-11-19,wheat,"Indore, MP",18.86,405
2025-11-26,wheat,"Indore, MP",19.24,162
2025-12-03,wheat,"Indore, MP",21.75,1050
2025-12-10,wheat,"Indore, MP",20.14,658
2025-12-17,wheat,"Indore, MP",20.33,1264
2025-12-24,wheat,"Indore, MP",21.22,232
2025-12-31,wheat,"Indore, MP",20.55,1139
2026-01-07,wheat,"Indore, MP",24.12,1241
2026-01-14,wheat,"Indore, MP",24.75,1484
2026-01-21,wheat,"Indore, MP",24.56,1435
2026-01-28,wheat,"Indore, MP",25.45,996
2026-02-04,wheat,"Indore, MP",28.09,963
2026-02-11,wheat,"Indore, MP",28.48,1026
2026-02-18,wheat,"Indore, MP",28.73,1312
2026-02-25,wheat,"Indore, MP",27.37,604
2026-03-04,wheat,"Indore, MP",28.81,1251
2026-03-11,wheat,"Indore, MP",30.68,1067
2026-03-18,wheat,"Indore, MP",30.22,677
2026-03-25,wheat,"Indore, MP",28.28,695
2026-04-01,wheat,"Indore, MP",29.8,769
2026-04-08,wheat,"Indore, MP",30.81,474
2026-04-15,wheat,"Indore, MP",29.7,1377
2026-04-22,wheat,"Indore, MP",31.48,354
2026-04-29,wheat,"Indore, MP",30.41,1131
2026-05-06,wheat,"Indore, MP",29.65,570
2026-05-13,wheat,"Indore, MP",29.69,1674
2026-05-20,wheat,"Indore, MP",30.31,1343
2026-05-27,wheat,"Indore, MP",31.32,1454
2026-06-03,wheat,"Indore, MP",27.4,233
2026-06-10,wheat,"Indore, MP",27.33,1326
2026-06-17,wheat,"Indore, MP",29.03,1619
2026-06-24,wheat,"Indore, MP",27.61,1318
2026-07-01,wheat,"Indore, MP",24.94,984
2026-07-08,wheat,"Indore, MP",23.99,485
2026-07-15,wheat,"Indore, MP",24.65,237
2026-07-22,wheat,"Indore, MP",24.38,1082
2026-07-29,wheat,"Indore, MP",24.61,414
2025-01-01,wheat,"Dehradun, Uttarakhand",21.98,365
2025-01-08,wheat,"Dehradun, Uttarakhand",22.41,235
2025-01-15,wheat,"Dehradun, Uttarakhand",21.83,933
2025-01-22,wheat,"Dehradun, Uttarakhand",20.87,1035
2025-01-29,wheat,"Dehradun, Uttarakhand",21.18,800
2025-02-05,wheat,"Dehradun, Uttarakhand",23.6,779
2025-02-12,wheat,"Dehradun, Uttarakhand",24.1,703
2025-02-19,wheat,"Dehradun, Uttarakhand",25.78,779
2025-02-26,wheat,"Dehradun, Uttarakhand",25.77,1441
2025-03-05,wheat,"Dehradun, Uttarakhand",26.27,372
2025-03-12,wheat,"Dehradun, Uttarakhand",25.54,1096
2025-03-19,wheat,"Dehradun, Uttarakhand",28.76,796
2025-03-26,wheat,"Dehradun, Uttarakhand",27.65,1478
2025-04-02,wheat,"Dehradun, Uttarakhand",28.44,1475
2025-04-09,wheat,"Dehradun, Uttarakhand",29.47,573
2025-04-16,wheat,"Dehradun, Uttarakhand",26.37,497
2025-04-23,wheat,"Dehradun, Uttarakhand",26.75,1337
2025-04-30,wheat,"Dehradun, Uttarakhand",28.25,604
2025-05-07,wheat,"Dehradun, Uttarakhand",27.97,1456
2025-05-14,wheat,"Dehradun, Uttarakhand",26.25,1203
2025-05-21,wheat,"Dehradun, Uttarakhand",28.18,424
2025-05-28,wheat,"Dehradun, Uttarakhand",28.44,1768
2025-06-04,wheat,"Dehradun, Uttarakhand",24.16,262
2025-06-11,wheat,"Dehradun, Uttarakhand",24.81,1215
2025-06-18,wheat,"Dehradun, Uttarakhand",26.8,805
2025-06-25,wheat,"Dehradun, Uttarakhand",26.08,336
2025-07-02,wheat,"Dehradun, Uttarakhand",23.14,1015
2025-07-09,wheat,"Dehradun, Uttarakhand",21.56,1204
2025-07-16,wheat,"Dehradun, Uttarakhand",23.62,980
2025-07-23,wheat,"Dehradun, Uttarakhand",21.66,1478
2025-07-30,wheat,"Dehradun, Uttarakhand",23.48,651
2025-08-06,wheat,"Dehradun, Uttarakhand",19.72,596
2025-08-13,wheat,"Dehradun, Uttarakhand",19.92,563
2025-08-20,wheat,"Dehradun, Uttarakhand",20.76,1110
2025-08-27,wheat,"Dehradun, Uttarakhand",19.0,1267
2025-09-03,wheat,"Dehradun, Uttarakhand",18.17,1000
2025-09-10,wheat,"Dehradun, Uttarakhand",18.34,600
2025-09-17,wheat,"Dehradun, Uttarakhand",18.41,1140
2025-09-24,wheat,"Dehradun, Uttarakhand",17.43,979
2025-10-01,wheat,"Dehradun, Uttarakhand",17.25,621
2025-10-08,wheat,"Dehradun, Uttarakhand",17.06,862
2025-10-15,wheat,"Dehradun, Uttarakhand",16.73,980
2025-10-22,wheat,"Dehradun, Uttarakhand",17.91,234
2025-10-29,wheat,"Dehradun, Uttarakhand",18.03,387
2025-11-05,wheat,"Dehradun, Uttarakhand",17.95,778
2025-11-12,wheat,"Dehradun, Uttarakhand",17.78,185
2025-11-19,wheat,"Dehradun, Uttarakhand",18.82,341
2025-11-26,wheat,"Dehradun, Uttarakhand",17.45,969
2025-12-03,wheat,"Dehradun, Uttarakhand",19.82,1176
2025-12-10,wheat,"Dehradun, Uttarakhand",20.71,489
2025-12-17,wheat,"Dehradun, Uttarakhand",19.05,1253
2025-12-24,wheat,"Dehradun, Uttarakhand",19.26,994
2025-12-31,wheat,"Dehradun, Uttarakhand",20.25,1037
2026-01-07,wheat,"Dehradun, Uttarakhand",23.73,1039
2026-01-14,wheat,"Dehradun, Uttarakhand",23.2,1230
2026-01-21,wheat,"Dehradun, Uttarakhand",22.11,488
2026-01-28,wheat,"Dehradun, Uttarakhand",23.8,598
2026-02-04,wheat,"Dehradun, Uttarakhand",26.45,917
2026-02-11,wheat,"Dehradun, Uttarakhand",26.32,847
2026-02-18,wheat,"Dehradun, Uttarakhand",27.02,708
2026-02-25,wheat,"Dehradun, Uttarakhand",26.91,621
2026-03-04,wheat,"Dehradun, Uttarakhand",27.58,434
2026-03-11,wheat,"Dehradun, Uttarakhand",27.41,432
2026-03-18,wheat,"Dehradun, Uttarakhand",28.61,1448
2026-03-25,wheat,"Dehradun, Uttarakhand",27.43,585
2026-04-01,wheat,"Dehradun, Uttarakhand",29.27,1427
2026-04-08,wheat,"Dehradun, Uttarakhand",31.03,1102
2026-04-15,wheat,"Dehradun, Uttarakhand",28.61,413
2026-04-22,wheat,"Dehradun, Uttarakhand",28.32,619
2026-04-29,wheat,"Dehradun, Uttarakhand",28.3,272
2026-05-06,wheat,"Dehradun, Uttarakhand",28.78,677
2026-05-13,wheat,"Dehradun, Uttarakhand",30.33,1118
2026-05-20,wheat,"Dehradun, Uttarakhand",29.4,443
2026-05-27,wheat,"Dehradun, Uttarakhand",30.02,1019
2026-06-03,wheat,"Dehradun, Uttarakhand",27.8,1064
2026-06-10,wheat,"Dehradun, Uttarakhand",26.53,869
2026-06-17,wheat,"Dehradun, Uttarakhand",25.65,300
2026-06-24,wheat,"Dehradun, Uttarakhand",28.09,923
2026-07-01,wheat,"Dehradun, Uttarakhand",24.65,720
2026-07-08,wheat,"Dehradun, Uttarakhand",22.54,1018
2026-07-15,wheat,"Dehradun, Uttarakhand",22.51,393
2026-07-22,wheat,"Dehradun, Uttarakhand",23.98,594
2026-07-29,wheat,"Dehradun, Uttarakhand",25.23,353
2025-01-01,rice,"Sonipat, Haryana",28.88,988
2025-01-08,rice,"Sonipat, Haryana",28.99,493
2025-01-15,rice,"Sonipat, Haryana",28.26,785
2025-01-22,rice,"Sonipat, Haryana",28.06,1318
2025-01-29,rice,"Sonipat, Haryana",29.63,596
2025-02-05,rice,"Sonipat, Haryana",25.04,868
2025-02-12,rice,"Sonipat, Haryana",25.36,1252
2025-02-19,rice,"Sonipat, Haryana",24.07,415
2025-02-26,rice,"Sonipat, Haryana",25.21,353
2025-03-05,rice,"Sonipat, Haryana",21.51,233
2025-03-12,rice,"Sonipat, Haryana",21.15,615
2025-03-19,rice,"Sonipat, Haryana",22.49,453
2025-03-26,rice,"Sonipat, Haryana",21.71,876
2025-04-02,rice,"Sonipat, Haryana",21.81,592
2025-04-09,rice,"Sonipat, Haryana",21.79,1050
2025-04-16,rice,"Sonipat, Haryana",22.03,759
2025-04-23,rice,"Sonipat, Haryana",21.78,1060
2025-04-30,rice,"Sonipat, Haryana",21.29,680
2025-05-07,rice,"Sonipat, Haryana",22.76,1081
2025-05-14,rice,"Sonipat, Haryana",23.19,229
2025-05-21,rice,"Sonipat, Haryana",21.72,470
2025-05-28,rice,"Sonipat, Haryana",23.06,736
2025-06-04,rice,"Sonipat, Haryana",24.62,316
2025-06-11,rice,"Sonipat, Haryana",25.65,970
2025-06-18,rice,"Sonipat, Haryana",26.31,744
2025-06-25,rice,"Sonipat, Haryana",25.2,266
2025-07-02,rice,"Sonipat, Haryana",27.52,761
2025-07-09,rice,"Sonipat, Haryana",28.36,525
2025-07-16,rice,"Sonipat, Haryana",27.72,1450
2025-07-23,rice,"Sonipat, Haryana",29.9,947
2025-07-30,rice,"Sonipat, Haryana",30.26,1499
2025-08-06,rice,"Sonipat, Haryana",33.17,619
2025-08-13,rice,"Sonipat, Haryana",31.14,1331
2025-08-20,rice,"Sonipat, Haryana",32.58,1177
2025-08-27,rice,"Sonipat, Haryana",34.06,490
2025-09-03,rice,"Sonipat, Haryana",35.7,1247
2025-09-10,rice,"Sonipat, Haryana",35.4,387
2025-09-17,rice,"Sonipat, Haryana",34.92,770
2025-09-24,rice,"Sonipat, Haryana",36.1,1599
2025-10-01,rice,"Sonipat, Haryana",35.89,1377
2025-10-08,rice,"Sonipat, Haryana",35.77,1785
2025-10-15,rice,"Sonipat, Haryana",37.72,1143
2025-10-22,rice,"Sonipat, Haryana",36.44,761
2025-10-29,rice,"Sonipat, Haryana",36.0,1826
2025-11-05,rice,"Sonipat, Haryana",35.35,1057
2025-11-12,rice,"Sonipat, Haryana",37.47,1283
2025-11-19,rice,"Sonipat, Haryana",35.91,896
2025-11-26,rice,"Sonipat, Haryana",34.68,815
2025-12-03,rice,"Sonipat, Haryana",33.98,1139
2025-12-10,rice,"Sonipat, Haryana",34.03,522
2025-12-17,rice,"Sonipat, Haryana",33.36,1581
2025-12-24,rice,"Sonipat, Haryana",33.02,1246
2025-12-31,rice,"Sonipat, Haryana",32.0,1648
2026-01-07,rice,"Sonipat, Haryana",29.91,511
2026-01-14,rice,"Sonipat, Haryana",28.6,916
2026-01-21,rice,"Sonipat, Haryana",29.8,321
2026-01-28,rice,"Sonipat, Haryana",31.13,1386
2026-02-04,rice,"Sonipat, Haryana",25.88,308
2026-02-11,rice,"Sonipat, Haryana",26.87,741
2026-02-18,rice,"Sonipat, Haryana",26.6,753
2026-02-25,rice,"Sonipat, Haryana",25.47,1124
2026-03-04,rice,"Sonipat, Haryana",24.47,404
2026-03-11,rice,"Sonipat, Haryana",23.49,547
2026-03-18,rice,"Sonipat, Haryana",24.38,674
2026-03-25,rice,"Sonipat, Haryana",24.31,1036
2026-04-01,rice,"Sonipat, Haryana",21.93,920
2026-04-08,rice,"Sonipat, Haryana",22.27,1060
2026-04-15,rice,"Sonipat, Haryana",22.49,950
2026-04-22,rice,"Sonipat, Haryana",22.01,441
2026-04-29,rice,"Sonipat, Haryana",22.71,1123
2026-05-06,rice,"Sonipat, Haryana",23.52,308
2026-05-13,rice,"Sonipat, Haryana",23.66,508
2026-05-20,rice,"Sonipat, Haryana",23.71,710
2026-05-27,rice,"Sonipat, Haryana",23.5,484
2026-06-03,rice,"Sonipat, Haryana",25.57,968
2026-06-10,rice,"Sonipat, Haryana",26.6,440
2026-06-17,rice,"Sonipat, Haryana",27.17,224
2026-06-24,rice,"Sonipat, Haryana",27.11,977
2026-07-01,rice,"Sonipat, Haryana",31.21,701
2026-07-08,rice,"Sonipat, Haryana",30.79,1266
2026-07-15,rice,"Sonipat, Haryana",31.78,843
2026-07-22,rice,"Sonipat, Haryana",28.95,852
2026-07-29,rice,"Sonipat, Haryana",30.65,1330
2025-01-01,rice,"Nashik, Maharashtra",31.6,772
2025-01-08,rice,"Nashik, Maharashtra",30.57,794
2025-01-15,rice,"Nashik, Maharashtra",31.2,732
2025-01-22,rice,"Nashik, Maharashtra",31.03,400
2025-01-29,rice,"Nashik, Maharashtra",30.49,1459
2025-02-05,rice,"Nashik, Maharashtra",26.35,962
2025-02-12,rice,"Nashik, Maharashtra",27.21,1143
2025-02-19,rice,"Nashik, Maharashtra",27.78,1152
2025-02-26,rice,"Nashik, Maharashtra",26.54,535
2025-03-05,rice,"Nashik, Maharashtra",24.6,930
2025-03-12,rice,"Nashik, Maharashtra",25.0,193
2025-03-19,rice,"Nashik, Maharashtra",23.08,799
2025-03-26,rice,"Nashik, Maharashtra",25.16,1172
2025-04-02,rice,"Nashik, Maharashtra",23.71,573
2025-04-09,rice,"Nashik, Maharashtra",22.23,767
2025-04-16,rice,"Nashik, Maharashtra",24.04,582
2025-04-23,rice,"Nashik, Maharashtra",23.65,1030
2025-04-30,rice,"Nashik, Maharashtra",22.17,926
2025-05-07,rice,"Nashik, Maharashtra",23.78,538
2025-05-14,rice,"Nashik, Maharashtra",23.45,697
2025-05-21,rice,"Nashik, Maharashtra",24.49,963
2025-05-28,rice,"Nashik, Maharashtra",23.55,237
2025-06-04,rice,"Nashik, Maharashtra",28.23,879
2025-06-11,rice,"Nashik, Maharashtra",26.54,1213
2025-06-18,rice,"Nashik, Maharashtra",26.3,699
2025-06-25,rice,"Nashik, Maharashtra",26.63,465
2025-07-02,rice,"Nashik, Maharashtra",29.7,1246
2025-07-09,rice,"Nashik, Maharashtra",32.52,1080
2025-07-16,rice,"Nashik, Maharashtra",30.22,774
2025-07-23,rice,"Nashik, Maharashtra",30.84,963
2025-07-30,rice,"Nashik, Maharashtra",31.79,751
2025-08-06,rice,"Nashik, Maharashtra",34.42,1461
2025-08-13,rice,"Nashik, Maharashtra",34.27,787
2025-08-20,rice,"Nashik, Maharashtra",35.31,571
2025-08-27,rice,"Nashik, Maharashtra",35.66,1065
2025-09-03,rice,"Nashik, Maharashtra",40.21,710
2025-09-10,rice,"Nashik, Maharashtra",40.19,1284
2025-09-17,rice,"Nashik, Maharashtra",37.52,1138
2025-09-24,rice,"Nashik, Maharashtra",39.14,1420
2025-10-01,rice,"Nashik, Maharashtra",37.74,1235
2025-10-08,rice,"Nashik, Maharashtra",39.55,1719
2025-10-15,rice,"Nashik, Maharashtra",38.75,1548
2025-10-22,rice,"Nashik, Maharashtra",40.06,822
2025-10-29,rice,"Nashik, Maharashtra",40.21,1258
2025-11-05,rice,"Nashik, Maharashtra",39.33,1383
2025-11-12,rice,"Nashik, Maharashtra",39.29,1569
2025-11-19,rice,"Nashik, Maharashtra",39.21,1671
2025-11-26,rice,"Nashik, Maharashtra",39.32,731
2025-12-03,rice,"Nashik, Maharashtra",35.66,1072
2025-12-10,rice,"Nashik, Maharashtra",36.74,356
2025-12-17,rice,"Nashik, Maharashtra",35.2,1318
2025-12-24,rice,"Nashik, Maharashtra",34.8,418
2025-12-31,rice,"Nashik, Maharashtra",36.14,1645
2026-01-07,rice,"Nashik, Maharashtra",32.13,1387
2026-01-14,rice,"Nashik, Maharashtra",33.12,534
2026-01-21,rice,"Nashik, Maharashtra",33.13,826
2026-01-28,rice,"Nashik, Maharashtra",33.1,1170
2026-02-04,rice,"Nashik, Maharashtra",27.68,306
2026-02-11,rice,"Nashik, Maharashtra",29.46,335
2026-02-18,rice,"Nashik, Maharashtra",29.5,1153
2026-02-25,rice,"Nashik, Maharashtra",28.84,1289
2026-03-04,rice,"Nashik, Maharashtra",26.46,976
2026-03-11,rice,"Nashik, Maharashtra",24.96,962
2026-03-18,rice,"Nashik, Maharashtra",24.1,703
2026-03-25,rice,"Nashik, Maharashtra",25.24,842
2026-04-01,rice,"Nashik, Maharashtra",24.71,719
2026-04-08,rice,"Nashik, Maharashtra",25.1,1066
2026-04-15,rice,"Nashik, Maharashtra",23.38,377
2026-04-22,rice,"Nashik, Maharashtra",23.2,1012
2026-04-29,rice,"Nashik, Maharashtra",24.53,1042
2026-05-06,rice,"Nashik, Maharashtra",24.78,221
2026-05-13,rice,"Nashik, Maharashtra",26.34,1082
2026-05-20,rice,"Nashik, Maharashtra",25.03,572
2026-05-27,rice,"Nashik, Maharashtra",24.64,1120
2026-06-03,rice,"Nashik, Maharashtra",28.01,735
2026-06-10,rice,"Nashik, Maharashtra",27.44,1184
2026-06-17,rice,"Nashik, Maharashtra",27.58,691
2026-06-24,rice,"Nashik, Maharashtra",29.14,1020
2026-07-01,rice,"Nashik, Maharashtra",34.23,744
2026-07-08,rice,"Nashik, Maharashtra",33.59,400
2026-07-15,rice,"Nashik, Maharashtra",32.55,328
2026-07-22,rice,"Nashik, Maharashtra",32.82,730
2026-07-29,rice,"Nashik, Maharashtra",34.37,242
2025-01-01,rice,"Indore, MP",29.38,776
2025-01-08,rice,"Indore, MP",31.14,1312
2025-01-15,rice,"Indore, MP",28.63,1091
2025-01-22,rice,"Indore, MP",29.98,1471
2025-01-29,rice,"Indore, MP",29.46,717
2025-02-05,rice,"Indore, MP",25.36,313
2025-02-12,rice,"Indore, MP",27.11,692
2025-02-19,rice,"Indore, MP",26.65,904
2025-02-26,rice,"Indore, MP",26.5,199
2025-03-05,rice,"Indore, MP",24.2,404
2025-03-12,rice,"Indore, MP",22.67,731
2025-03-19,rice,"Indore, MP",22.55,936
2025-03-26,rice,"Indore, MP",22.9,376
2025-04-02,rice,"Indore, MP",23.44,470
2025-04-09,rice,"Indore, MP",21.83,1028
2025-04-16,rice,"Indore, MP",21.52,986
2025-04-23,rice,"Indore, MP",21.86,276
2025-04-30,rice,"Indore, MP",22.13,320
2025-05-07,rice,"Indore, MP",24.11,182
2025-05-14,rice,"Indore, MP",22.6,961
2025-05-21,rice,"Indore, MP",23.15,486
2025-05-28,rice,"Indore, MP",23.02,210
2025-06-04,rice,"Indore, MP",27.24,773
2025-06-11,rice,"Indore, MP",27.28,716
2025-06-18,rice,"Indore, MP",27.39,758
2025-06-25,rice,"Indore, MP",25.63,748
2025-07-02,rice,"Indore, MP",31.87,256
2025-07-09,rice,"Indore, MP",31.41,1327
2025-07-16,rice,"Indore, MP",30.64,795
2025-07-23,rice,"Indore, MP",32.02,279
2025-07-30,rice,"Indore, MP",30.57,722
2025-08-06,rice,"Indore, MP",35.13,942
2025-08-13,rice,"Indore, MP",35.94,332
2025-08-20,rice,"Indore, MP",33.11,1114
2025-08-27,rice,"Indore, MP",33.09,627
2025-09-03,rice,"Indore, MP",37.94,1110
2025-09-10,rice,"Indore, MP",36.82,1816
2025-09-17,rice,"Indore, MP",37.62,960
2025-09-24,rice,"Indore, MP",37.94,400
2025-10-01,rice,"Indore, MP",39.39,1635
2025-10-08,rice,"Indore, MP",39.23,1499
2025-10-15,rice,"Indore, MP",39.54,599
2025-10-22,rice,"Indore, MP",38.53,621
2025-10-29,rice,"Indore, MP",38.13,986
2025-11-05,rice,"Indore, MP",37.44,393
2025-11-12,rice,"Indore, MP",37.51,1295
2025-11-19,rice,"Indore, MP",37.35,484
2025-11-26,rice,"Indore, MP",39.46,349
2025-12-03,rice,"Indore, MP",36.21,361
2025-12-10,rice,"Indore, MP",33.66,1305
2025-12-17,rice,"Indore, MP",36.2,1038
2025-12-24,rice,"Indore, MP",35.45,1046
2025-12-31,rice,"Indore, MP",34.58,403
2026-01-07,rice,"Indore, MP",30.84,1064
2026-01-14,rice,"Indore, MP",32.11,1328
2026-01-21,rice,"Indore, MP",32.05,1458
2026-01-28,rice,"Indore, MP",31.7,657
2026-02-04,rice,"Indore, MP",27.7,416
2026-02-11,rice,"Indore, MP",27.94,430
2026-02-18,rice,"Indore, MP",26.46,1136
2026-02-25,rice,"Indore, MP",27.2,1042
2026-03-04,rice,"Indore, MP",24.88,978
2026-03-11,rice,"Indore, MP",25.58,1149
2026-03-18,rice,"Indore, MP",25.53,781
2026-03-25,rice,"Indore, MP",25.12,183
2026-04-01,rice,"Indore, MP",24.75,958
2026-04-08,rice,"Indore, MP",23.2,325
2026-04-15,rice,"Indore, MP",24.26,451
2026-04-22,rice,"Indore, MP",23.42,155
2026-04-29,rice,"Indore, MP",24.7,702
2026-05-06,rice,"Indore, MP",24.66,301
2026-05-13,rice,"Indore, MP",25.26,187
2026-05-20,rice,"Indore, MP",25.56,375
2026-05-27,rice,"Indore, MP",24.77,503
2026-06-03,rice,"Indore, MP",27.55,995
2026-06-10,rice,"Indore, MP",28.71,820
2026-06-17,rice,"Indore, MP",26.8,234
2026-06-24,rice,"Indore, MP",27.03,877
2026-07-01,rice,"Indore, MP",32.57,553
2026-07-08,rice,"Indore, MP",32.57,831
2026-07-15,rice,"Indore, MP",31.89,555
2026-07-22,rice,"Indore, MP",32.92,347
2026-07-29,rice,"Indore, MP",31.91,568
2025-01-01,rice,"Dehradun, Uttarakhand",30.15,832
2025-01-08,rice,"Dehradun, Uttarakhand",30.15,259
2025-01-15,rice,"Dehradun, Uttarakhand",29.37,979
2025-01-22,rice,"Dehradun, Uttarakhand",28.25,591
2025-01-29,rice,"Dehradun, Uttarakhand",28.88,378
2025-02-05,rice,"Dehradun, Uttarakhand",25.41,548
2025-02-12,rice,"Dehradun, Uttarakhand",24.79,1024
2025-02-19,rice,"Dehradun, Uttarakhand",25.25,607
2025-02-26,rice,"Dehradun, Uttarakhand",26.65,744
2025-03-05,rice,"Dehradun, Uttarakhand",24.19,977
2025-03-12,rice,"Dehradun, Uttarakhand",22.43,1034
2025-03-19,rice,"Dehradun, Uttarakhand",22.38,175
2025-03-26,rice,"Dehradun, Uttarakhand",24.47,1034
2025-04-02,rice,"Dehradun, Uttarakhand",22.67,709
2025-04-09,rice,"Dehradun, Uttarakhand",22.99,557
2025-04-16,rice,"Dehradun, Uttarakhand",21.67,170
2025-04-23,rice,"Dehradun, Uttarakhand",22.17,931
2025-04-30,rice,"Dehradun, Uttarakhand",22.85,961
2025-05-07,rice,"Dehradun, Uttarakhand",24.61,246
2025-05-14,rice,"Dehradun, Uttarakhand",24.45,404
2025-05-21,rice,"Dehradun, Uttarakhand",23.87,690
2025-05-28,rice,"Dehradun, Uttarakhand",23.44,472
2025-06-04,rice,"Dehradun, Uttarakhand",26.05,553
2025-06-11,rice,"Dehradun, Uttarakhand",25.62,755
2025-06-18,rice,"Dehradun, Uttarakhand",25.5,755
2025-06-25,rice,"Dehradun, Uttarakhand",27.63,572
2025-07-02,rice,"Dehradun, Uttarakhand",31.06,1264
2025-07-09,rice,"Dehradun, Uttarakhand",31.36,507
2025-07-16,rice,"Dehradun, Uttarakhand",29.35,456
2025-07-23,rice,"Dehradun, Uttarakhand",30.77,1188
2025-07-30,rice,"Dehradun, Uttarakhand",30.96,430
2025-08-06,rice,"Dehradun, Uttarakhand",35.27,947
2025-08-13,rice,"Dehradun, Uttarakhand",35.24,1336
2025-08-20,rice,"Dehradun, Uttarakhand",34.22,1576
2025-08-27,rice,"Dehradun, Uttarakhand",34.65,1154
2025-09-03,rice,"Dehradun, Uttarakhand",37.73,1610
2025-09-10,rice,"Dehradun, Uttarakhand",37.77,482
2025-09-17,rice,"Dehradun, Uttarakhand",35.72,942
2025-09-24,rice,"Dehradun, Uttarakhand",36.63,677
2025-10-01,rice,"Dehradun, Uttarakhand",36.73,1074
2025-10-08,rice,"Dehradun, Uttarakhand",37.74,984
2025-10-15,rice,"Dehradun, Uttarakhand",36.8,1601
2025-10-22,rice,"Dehradun, Uttarakhand",36.91,1654
2025-10-29,rice,"Dehradun, Uttarakhand",39.95,1249
2025-11-05,rice,"Dehradun, Uttarakhand",37.6,975
2025-11-12,rice,"Dehradun, Uttarakhand",37.82,1495
2025-11-19,rice,"Dehradun, Uttarakhand",39.14,954
2025-11-26,rice,"Dehradun, Uttarakhand",38.85,1274
2025-12-03,rice,"Dehradun, Uttarakhand",34.26,920
2025-12-10,rice,"Dehradun, Uttarakhand",33.69,315
2025-12-17,rice,"Dehradun, Uttarakhand",33.56,1539
2025-12-24,rice,"Dehradun, Uttarakhand",34.43,1269
2025-12-31,rice,"Dehradun, Uttarakhand",35.02,477
2026-01-07,rice,"Dehradun, Uttarakhand",30.36,769
2026-01-14,rice,"Dehradun, Uttarakhand",30.99,879
2026-01-21,rice,"Dehradun, Uttarakhand",30.14,684
2026-01-28,rice,"Dehradun, Uttarakhand",30.56,731
2026-02-04,rice,"Dehradun, Uttarakhand",26.91,855
2026-02-11,rice,"Dehradun, Uttarakhand",28.17,911
2026-02-18,rice,"Dehradun, Uttarakhand",26.22,282
2026-02-25,rice,"Dehradun, Uttarakhand",27.92,498
2026-03-04,rice,"Dehradun, Uttarakhand",25.13,825
2026-03-11,rice,"Dehradun, Uttarakhand",25.61,1046
2026-03-18,rice,"Dehradun, Uttarakhand",24.22,750
2026-03-25,rice,"Dehradun, Uttarakhand",23.77,513
2026-04-01,rice,"Dehradun, Uttarakhand",24.72,831
2026-04-08,rice,"Dehradun, Uttarakhand",23.39,730
2026-04-15,rice,"Dehradun, Uttarakhand",24.7,451
2026-04-22,rice,"Dehradun, Uttarakhand",23.39,921
2026-04-29,rice,"Dehradun, Uttarakhand",24.45,803
2026-05-06,rice,"Dehradun, Uttarakhand",25.6,909
2026-05-13,rice,"Dehradun, Uttarakhand",25.27,692
2026-05-20,rice,"Dehradun, Uttarakhand",25.19,587
2026-05-27,rice,"Dehradun, Uttarakhand",24.51,526
2026-06-03,rice,"Dehradun, Uttarakhand",26.89,418
2026-06-10,rice,"Dehradun, Uttarakhand",29.05,728
2026-06-17,rice,"Dehradun, Uttarakhand",27.07,331
2026-06-24,rice,"Dehradun, Uttarakhand",26.68,1135
2026-07-01,rice,"Dehradun, Uttarakhand",30.6,1202
2026-07-08,rice,"Dehradun, Uttarakhand",32.96,1348
2026-07-15,rice,"Dehradun, Uttarakhand",30.45,637
2026-07-22,rice,"Dehradun, Uttarakhand",32.8,370
2026-07-29,rice,"Dehradun, Uttarakhand",31.59,410
2025-01-01,onion,"Sonipat, Haryana",25.64,1462
2025-01-08,onion,"Sonipat, Haryana",25.51,505
2025-01-15,onion,"Sonipat, Haryana",22.93,893
2025-01-22,onion,"Sonipat, Haryana",24.63,618
2025-01-29,onion,"Sonipat, Haryana",23.02,693
2025-02-05,onion,"Sonipat, Haryana",23.29,881
2025-02-12,onion,"Sonipat, Haryana",21.91,677
2025-02-19,onion,"Sonipat, Haryana",23.72,910
2025-02-26,onion,"Sonipat, Haryana",23.92,762
2025-03-05,onion,"Sonipat, Haryana",21.93,1479
2025-03-12,onion,"Sonipat, Haryana",19.13,566
2025-03-19,onion,"Sonipat, Haryana",18.69,885
2025-03-26,onion,"Sonipat, Haryana",22.11,1261
2025-04-02,onion,"Sonipat, Haryana",18.52,332
2025-04-09,onion,"Sonipat, Haryana",15.73,904
2025-04-16,onion,"Sonipat, Haryana",18.93,805
2025-04-23,onion,"Sonipat, Haryana",15.0,1137
2025-04-30,onion,"Sonipat, Haryana",18.85,499
2025-05-07,onion,"Sonipat, Haryana",16.49,434
2025-05-14,onion,"Sonipat, Haryana",17.16,306
2025-05-21,onion,"Sonipat, Haryana",15.02,1120
2025-05-28,onion,"Sonipat, Haryana",14.05,616
2025-06-04,onion,"Sonipat, Haryana",14.02,176
2025-06-11,onion,"Sonipat, Haryana",12.73,639
2025-06-18,onion,"Sonipat, Haryana",13.55,1119
2025-06-25,onion,"Sonipat, Haryana",14.17,177
2025-07-02,onion,"Sonipat, Haryana",17.39,1011
2025-07-09,onion,"Sonipat, Haryana",16.11,962
2025-07-16,onion,"Sonipat, Haryana",13.75,448
2025-07-23,onion,"Sonipat, Haryana",16.97,865
2025-07-30,onion,"Sonipat, Haryana",13.78,875
2025-08-06,onion,"Sonipat, Haryana",17.01,180
2025-08-13,onion,"Sonipat, Haryana",15.11,466
2025-08-20,onion,"Sonipat, Haryana",19.05,799
2025-08-27,onion,"Sonipat, Haryana",18.51,775
2025-09-03,onion,"Sonipat, Haryana",17.51,574
2025-09-10,onion,"Sonipat, Haryana",18.66,262
2025-09-17,onion,"Sonipat, Haryana",19.38,1232
2025-09-24,onion,"Sonipat, Haryana",19.62,344
2025-10-01,onion,"Sonipat, Haryana",25.1,1097
2025-10-08,onion,"Sonipat, Haryana",19.15,978
2025-10-15,onion,"Sonipat, Haryana",20.69,434
2025-10-22,onion,"Sonipat, Haryana",21.97,1124
2025-10-29,onion,"Sonipat, Haryana",20.72,834
2025-11-05,onion,"Sonipat, Haryana",25.52,378
2025-11-12,onion,"Sonipat, Haryana",27.8,350
2025-11-19,onion,"Sonipat, Haryana",24.55,1045
2025-11-26,onion,"Sonipat, Haryana",27.96,1119
2025-12-03,onion,"Sonipat, Haryana",24.25,1013
2025-12-10,onion,"Sonipat, Haryana",26.12,1844
2025-12-17,onion,"Sonipat, Haryana",23.27,276
2025-12-24,onion,"Sonipat, Haryana",27.33,810
2025-12-31,onion,"Sonipat, Haryana",26.93,1270
2026-01-07,onion,"Sonipat, Haryana",26.52,1405
2026-01-14,onion,"Sonipat, Haryana",23.31,313
2026-01-21,onion,"Sonipat, Haryana",24.9,1529
2026-01-28,onion,"Sonipat, Haryana",22.19,1475
2026-02-04,onion,"Sonipat, Haryana",22.52,1242
2026-02-11,onion,"Sonipat, Haryana",23.68,1411
2026-02-18,onion,"Sonipat, Haryana",19.81,1360
2026-02-25,onion,"Sonipat, Haryana",22.53,654
2026-03-04,onion,"Sonipat, Haryana",17.53,459
2026-03-11,onion,"Sonipat, Haryana",17.53,1413
2026-03-18,onion,"Sonipat, Haryana",20.44,1485
2026-03-25,onion,"Sonipat, Haryana",20.62,529
2026-04-01,onion,"Sonipat, Haryana",19.19,392
2026-04-08,onion,"Sonipat, Haryana",17.08,1063
2026-04-15,onion,"Sonipat, Haryana",19.82,552
2026-04-22,onion,"Sonipat, Haryana",15.87,593
2026-04-29,onion,"Sonipat, Haryana",19.99,1020
2026-05-06,onion,"Sonipat, Haryana",17.94,550
2026-05-13,onion,"Sonipat, Haryana",18.34,662
2026-05-20,onion,"Sonipat, Haryana",16.06,1098
2026-05-27,onion,"Sonipat, Haryana",16.18,972
2026-06-03,onion,"Sonipat, Haryana",16.46,226
2026-06-10,onion,"Sonipat, Haryana",15.9,951
2026-06-17,onion,"Sonipat, Haryana",15.65,463
2026-06-24,onion,"Sonipat, Haryana",13.51,794
2026-07-01,onion,"Sonipat, Haryana",15.22,770
2026-07-08,onion,"Sonipat, Haryana",15.81,859
2026-07-15,onion,"Sonipat, Haryana",15.46,199
2026-07-22,onion,"Sonipat, Haryana",18.0,515
2026-07-29,onion,"Sonipat, Haryana",18.64,436
2025-01-01,onion,"Nashik, Maharashtra",27.08,1742
2025-01-08,onion,"Nashik, Maharashtra",20.67,1251
2025-01-15,onion,"Nashik, Maharashtra",22.74,1510
2025-01-22,onion,"Nashik, Maharashtra",25.02,1750
2025-01-29,onion,"Nashik, Maharashtra",21.22,1204
2025-02-05,onion,"Nashik, Maharashtra",23.85,275
2025-02-12,onion,"Nashik, Maharashtra",19.16,1363
2025-02-19,onion,"Nashik, Maharashtra",21.16,784
2025-02-26,onion,"Nashik, Maharashtra",22.51,1109
2025-03-05,onion,"Nashik, Maharashtra",20.68,1433
2025-03-12,onion,"Nashik, Maharashtra",18.89,1192
2025-03-19,onion,"Nashik, Maharashtra",20.1,888
2025-03-26,onion,"Nashik, Maharashtra",19.08,1044
2025-04-02,onion,"Nashik, Maharashtra",15.95,304
2025-04-09,onion,"Nashik, Maharashtra",18.48,742
2025-04-16,onion,"Nashik, Maharashtra",16.69,813
2025-04-23,onion,"Nashik, Maharashtra",16.05,471
2025-04-30,onion,"Nashik, Maharashtra",17.03,1308
2025-05-07,onion,"Nashik, Maharashtra",14.51,1090
2025-05-14,onion,"Nashik, Maharashtra",15.49,281
2025-05-21,onion,"Nashik, Maharashtra",17.19,617
2025-05-28,onion,"Nashik, Maharashtra",17.42,610
2025-06-04,onion,"Nashik, Maharashtra",13.06,814
2025-06-11,onion,"Nashik, Maharashtra",16.47,461
2025-06-18,onion,"Nashik, Maharashtra",14.25,213
2025-06-25,onion,"Nashik, Maharashtra",15.14,1019
2025-07-02,onion,"Nashik, Maharashtra",17.28,881
2025-07-09,onion,"Nashik, Maharashtra",17.65,806
2025-07-16,onion,"Nashik, Maharashtra",17.04,674
2025-07-23,onion,"Nashik, Maharashtra",13.89,361
2025-07-30,onion,"Nashik, Maharashtra",13.99,961
2025-08-06,onion,"Nashik, Maharashtra",15.05,805
2025-08-13,onion,"Nashik, Maharashtra",16.86,1089
2025-08-20,onion,"Nashik, Maharashtra",17.84,871
2025-08-27,onion,"Nashik, Maharashtra",15.4,526
2025-09-03,onion,"Nashik, Maharashtra",23.13,1134
2025-09-10,onion,"Nashik, Maharashtra",20.29,1199
2025-09-17,onion,"Nashik, Maharashtra",22.11,295
2025-09-24,onion,"Nashik, Maharashtra",23.03,1035
2025-10-01,onion,"Nashik, Maharashtra",22.38,1219
2025-10-08,onion,"Nashik, Maharashtra",21.68,1509
2025-10-15,onion,"Nashik, Maharashtra",24.68,1160
2025-10-22,onion,"Nashik, Maharashtra",20.61,1638
2025-10-29,onion,"Nashik, Maharashtra",22.34,1556
2025-11-05,onion,"Nashik, Maharashtra",21.39,439
2025-11-12,onion,"Nashik, Maharashtra",22.13,503
2025-11-19,onion,"Nashik, Maharashtra",23.41,1365
2025-11-26,onion,"Nashik, Maharashtra",23.61,1731
2025-12-03,onion,"Nashik, Maharashtra",28.47,1624
2025-12-10,onion,"Nashik, Maharashtra",23.57,1281
2025-12-17,onion,"Nashik, Maharashtra",25.89,453
2025-12-24,onion,"Nashik, Maharashtra",24.02,1116
2025-12-31,onion,"Nashik, Maharashtra",25.57,524
2026-01-07,onion,"Nashik, Maharashtra",28.19,487
2026-01-14,onion,"Nashik, Maharashtra",26.1,1382
2026-01-21,onion,"Nashik, Maharashtra",25.72,1575
2026-01-28,onion,"Nashik, Maharashtra",25.43,1548
2026-02-04,onion,"Nashik, Maharashtra",19.83,291
2026-02-11,onion,"Nashik, Maharashtra",24.1,1068
2026-02-18,onion,"Nashik, Maharashtra",24.19,1346
2026-02-25,onion,"Nashik, Maharashtra",22.59,1159
2026-03-04,onion,"Nashik, Maharashtra",20.6,1015
2026-03-11,onion,"Nashik, Maharashtra",19.33,1443
2026-03-18,onion,"Nashik, Maharashtra",20.54,1246
2026-03-25,onion,"Nashik, Maharashtra",21.81,586
2026-04-01,onion,"Nashik, Maharashtra",15.78,243
2026-04-08,onion,"Nashik, Maharashtra",17.79,725
2026-04-15,onion,"Nashik, Maharashtra",16.52,865
2026-04-22,onion,"Nashik, Maharashtra",17.13,992
2026-04-29,onion,"Nashik, Maharashtra",19.44,1154
2026-05-06,onion,"Nashik, Maharashtra",18.6,289
2026-05-13,onion,"Nashik, Maharashtra",15.66,728
2026-05-20,onion,"Nashik, Maharashtra",15.43,631
2026-05-27,onion,"Nashik, Maharashtra",15.19,409
2026-06-03,onion,"Nashik, Maharashtra",13.75,432
2026-06-10,onion,"Nashik, Maharashtra",15.11,749
2026-06-17,onion,"Nashik, Maharashtra",14.49,993
2026-06-24,onion,"Nashik, Maharashtra",14.08,469
2026-07-01,onion,"Nashik, Maharashtra",16.78,475
2026-07-08,onion,"Nashik, Maharashtra",17.71,664
2026-07-15,onion,"Nashik, Maharashtra",16.5,664
2026-07-22,onion,"Nashik, Maharashtra",15.5,180
2026-07-29,onion,"Nashik, Maharashtra",18.66,671
2025-01-01,onion,"Indore, MP",27.26,583
2025-01-08,onion,"Indore, MP",22.88,323
2025-01-15,onion,"Indore, MP",23.92,1638
2025-01-22,onion,"Indore, MP",25.09,987
2025-01-29,onion,"Indore, MP",24.27,1583
2025-02-05,onion,"Indore, MP",21.76,1515
2025-02-12,onion,"Indore, MP",23.76,1342
2025-02-19,onion,"Indore, MP",21.37,810
2025-02-26,onion,"Indore, MP",22.75,509
2025-03-05,onion,"Indore, MP",20.14,295
2025-03-12,onion,"Indore, MP",19.87,1193
2025-03-19,onion,"Indore, MP",18.55,1485
2025-03-26,onion,"Indore, MP",20.96,354
2025-04-02,onion,"Indore, MP",19.9,623
2025-04-09,onion,"Indore, MP",18.97,560
2025-04-16,onion,"Indore, MP",19.75,1033
2025-04-23,onion,"Indore, MP",15.89,754
2025-04-30,onion,"Indore, MP",17.48,226
2025-05-07,onion,"Indore, MP",13.96,495
2025-05-14,onion,"Indore, MP",15.56,622
2025-05-21,onion,"Indore, MP",16.2,681
2025-05-28,onion,"Indore, MP",14.9,781
2025-06-04,onion,"Indore, MP",13.53,1115
2025-06-11,onion,"Indore, MP",16.15,441
2025-06-18,onion,"Indore, MP",14.34,957
2025-06-25,onion,"Indore, MP",15.25,841
2025-07-02,onion,"Indore, MP",14.84,987
2025-07-09,onion,"Indore, MP",15.18,842
2025-07-16,onion,"Indore, MP",18.1,751
2025-07-23,onion,"Indore, MP",17.24,895
2025-07-30,onion,"Indore, MP",16.74,183
2025-08-06,onion,"Indore, MP",17.58,1275
2025-08-13,onion,"Indore, MP",19.24,1057
2025-08-20,onion,"Indore, MP",18.16,995
2025-08-27,onion,"Indore, MP",18.21,368
2025-09-03,onion,"Indore, MP",21.11,1005
2025-09-10,onion,"Indore, MP",22.42,392
2025-09-17,onion,"Indore, MP",21.47,241
2025-09-24,onion,"Indore, MP",23.12,342
2025-10-01,onion,"Indore, MP",19.64,683
2025-10-08,onion,"Indore, MP",20.57,1234
2025-10-15,onion,"Indore, MP",22.37,1358
2025-10-22,onion,"Indore, MP",25.92,1501
2025-10-29,onion,"Indore, MP",24.67,316
2025-11-05,onion,"Indore, MP",22.23,571
2025-11-12,onion,"Indore, MP",23.65,1290
2025-11-19,onion,"Indore, MP",25.17,739
2025-11-26,onion,"Indore, MP",22.55,1685
2025-12-03,onion,"Indore, MP",24.5,825
2025-12-10,onion,"Indore, MP",27.84,1421
2025-12-17,onion,"Indore, MP",26.87,1376
2025-12-24,onion,"Indore, MP",26.64,562
2025-12-31,onion,"Indore, MP",23.85,1156
2026-01-07,onion,"Indore, MP",23.07,1781
2026-01-14,onion,"Indore, MP",23.64,700
2026-01-21,onion,"Indore, MP",22.98,1358
2026-01-28,onion,"Indore, MP",23.83,794
2026-02-04,onion,"Indore, MP",26.37,1388
2026-02-11,onion,"Indore, MP",21.77,403
2026-02-18,onion,"Indore, MP",24.62,780
2026-02-25,onion,"Indore, MP",26.77,1421
2026-03-04,onion,"Indore, MP",23.66,1246
2026-03-11,onion,"Indore, MP",19.53,573
2026-03-18,onion,"Indore, MP",22.2,650
2026-03-25,onion,"Indore, MP",20.52,533
2026-04-01,onion,"Indore, MP",18.17,404
2026-04-08,onion,"Indore, MP",18.51,1236
2026-04-15,onion,"Indore, MP",19.4,331
2026-04-22,onion,"Indore, MP",18.97,842
2026-04-29,onion,"Indore, MP",16.93,936
2026-05-06,onion,"Indore, MP",16.6,806
2026-05-13,onion,"Indore, MP",14.25,577
2026-05-20,onion,"Indore, MP",17.55,259
2026-05-27,onion,"Indore, MP",17.83,161
2026-06-03,onion,"Indore, MP",16.04,1055
2026-06-10,onion,"Indore, MP",15.37,1061
2026-06-17,onion,"Indore, MP",17.63,615
2026-06-24,onion,"Indore, MP",14.42,1089
2026-07-01,onion,"Indore, MP",15.68,814
2026-07-08,onion,"Indore, MP",18.61,247
2026-07-15,onion,"Indore, MP",16.97,701
2026-07-22,onion,"Indore, MP",17.72,1110
2026-07-29,onion,"Indore, MP",18.69,335
2025-01-01,onion,"Dehradun, Uttarakhand",24.87,521
2025-01-08,onion,"Dehradun, Uttarakhand",25.15,1820
2025-01-15,onion,"Dehradun, Uttarakhand",21.67,1026
2025-01-22,onion,"Dehradun, Uttarakhand",25.31,1764
2025-01-29,onion,"Dehradun, Uttarakhand",25.26,1629
2025-02-05,onion,"Dehradun, Uttarakhand",17.68,1055
2025-02-12,onion,"Dehradun, Uttarakhand",18.31,1662
2025-02-19,onion,"Dehradun, Uttarakhand",19.43,1671
2025-02-26,onion,"Dehradun, Uttarakhand",21.07,947
2025-03-05,onion,"Dehradun, Uttarakhand",20.94,1306
2025-03-12,onion,"Dehradun, Uttarakhand",18.34,450
2025-03-19,onion,"Dehradun, Uttarakhand",16.38,411
2025-03-26,onion,"Dehradun, Uttarakhand",18.33,534
2025-04-02,onion,"Dehradun, Uttarakhand",14.72,1012
2025-04-09,onion,"Dehradun, Uttarakhand",17.69,820
2025-04-16,onion,"Dehradun, Uttarakhand",17.54,374
2025-04-23,onion,"Dehradun, Uttarakhand",18.04,1195
2025-04-30,onion,"Dehradun, Uttarakhand",17.91,761
2025-05-07,onion,"Dehradun, Uttarakhand",12.81,838
2025-05-14,onion,"Dehradun, Uttarakhand",13.25,299
2025-05-21,onion,"Dehradun, Uttarakhand",13.87,409
2025-05-28,onion,"Dehradun, Uttarakhand",13.61,396
2025-06-04,onion,"Dehradun, Uttarakhand",15.12,1080
2025-06-11,onion,"Dehradun, Uttarakhand",13.23,854
2025-06-18,onion,"Dehradun, Uttarakhand",12.01,787
2025-06-25,onion,"Dehradun, Uttarakhand",14.91,210
2025-07-02,onion,"Dehradun, Uttarakhand",13.05,469
2025-07-09,onion,"Dehradun, Uttarakhand",14.33,668
2025-07-16,onion,"Dehradun, Uttarakhand",16.51,873
2025-07-23,onion,"Dehradun, Uttarakhand",13.94,276
2025-07-30,onion,"Dehradun, Uttarakhand",16.64,457
2025-08-06,onion,"Dehradun, Uttarakhand",17.1,424
2025-08-13,onion,"Dehradun, Uttarakhand",14.73,349
2025-08-20,onion,"Dehradun, Uttarakhand",17.79,864
2025-08-27,onion,"Dehradun, Uttarakhand",16.16,799
2025-09-03,onion,"Dehradun, Uttarakhand",18.8,898
2025-09-10,onion,"Dehradun, Uttarakhand",19.92,483
2025-09-17,onion,"Dehradun, Uttarakhand",17.56,1181
2025-09-24,onion,"Dehradun, Uttarakhand",21.15,306
2025-10-01,onion,"Dehradun, Uttarakhand",21.07,1254
2025-10-08,onion,"Dehradun, Uttarakhand",18.72,1050
2025-10-15,onion,"Dehradun, Uttarakhand",18.63,1025
2025-10-22,onion,"Dehradun, Uttarakhand",21.51,1062
2025-10-29,onion,"Dehradun, Uttarakhand",19.24,704
2025-11-05,onion,"Dehradun, Uttarakhand",23.41,427
2025-11-12,onion,"Dehradun, Uttarakhand",21.23,1165
2025-11-19,onion,"Dehradun, Uttarakhand",20.45,1050
2025-11-26,onion,"Dehradun, Uttarakhand",25.49,960
2025-12-03,onion,"Dehradun, Uttarakhand",24.09,992
2025-12-10,onion,"Dehradun, Uttarakhand",20.83,1001
2025-12-17,onion,"Dehradun, Uttarakhand",26.25,1425
2025-12-24,onion,"Dehradun, Uttarakhand",23.31,1576
2025-12-31,onion,"Dehradun, Uttarakhand",25.86,1189
2026-01-07,onion,"Dehradun, Uttarakhand",20.26,788
2026-01-14,onion,"Dehradun, Uttarakhand",20.41,1815
2026-01-21,onion,"Dehradun, Uttarakhand",26.57,352
2026-01-28,onion,"Dehradun, Uttarakhand",26.59,293
2026-02-04,onion,"Dehradun, Uttarakhand",21.18,1349
2026-02-11,onion,"Dehradun, Uttarakhand",23.53,1655
2026-02-18,onion,"Dehradun, Uttarakhand",22.77,839
2026-02-25,onion,"Dehradun, Uttarakhand",25.07,784
2026-03-04,onion,"Dehradun, Uttarakhand",21.58,1378
2026-03-11,onion,"Dehradun, Uttarakhand",18.72,1087
2026-03-18,onion,"Dehradun, Uttarakhand",20.41,901
2026-03-25,onion,"Dehradun, Uttarakhand",20.38,652
2026-04-01,onion,"Dehradun, Uttarakhand",15.42,786
2026-04-08,onion,"Dehradun, Uttarakhand",17.23,1002
2026-04-15,onion,"Dehradun, Uttarakhand",15.67,178
2026-04-22,onion,"Dehradun, Uttarakhand",14.66,514
2026-04-29,onion,"Dehradun, Uttarakhand",18.02,794
2026-05-06,onion,"Dehradun, Uttarakhand",15.49,995
2026-05-13,onion,"Dehradun, Uttarakhand",14.2,509
2026-05-20,onion,"Dehradun, Uttarakhand",14.34,1111
2026-05-27,onion,"Dehradun, Uttarakhand",16.43,271
2026-06-03,onion,"Dehradun, Uttarakhand",16.11,558
2026-06-10,onion,"Dehradun, Uttarakhand",15.94,1011
2026-06-17,onion,"Dehradun, Uttarakhand",12.62,350
2026-06-24,onion,"Dehradun, Uttarakhand",13.01,182
2026-07-01,onion,"Dehradun, Uttarakhand",15.91,873
2026-07-08,onion,"Dehradun, Uttarakhand",13.38,910
2026-07-15,onion,"Dehradun, Uttarakhand",15.03,395
2026-07-22,onion,"Dehradun, Uttarakhand",14.19,1036
2026-07-29,onion,"Dehradun, Uttarakhand",13.45,669
2025-01-01,tomato,"Sonipat, Haryana",11.69,987
2025-01-08,tomato,"Sonipat, Haryana",13.96,481
2025-01-15,tomato,"Sonipat, Haryana",13.29,841
2025-01-22,tomato,"Sonipat, Haryana",11.88,464
2025-01-29,tomato,"Sonipat, Haryana",10.98,829
2025-02-05,tomato,"Sonipat, Haryana",12.72,516
2025-02-12,tomato,"Sonipat, Haryana",11.82,1253
2025-02-19,tomato,"Sonipat, Haryana",16.53,1211
2025-02-26,tomato,"Sonipat, Haryana",15.09,660
2025-03-05,tomato,"Sonipat, Haryana",16.4,1463
2025-03-12,tomato,"Sonipat, Haryana",19.35,1072
2025-03-19,tomato,"Sonipat, Haryana",18.35,614
2025-03-26,tomato,"Sonipat, Haryana",15.93,393
2025-04-02,tomato,"Sonipat, Haryana",17.64,1328
2025-04-09,tomato,"Sonipat, Haryana",18.38,1467
2025-04-16,tomato,"Sonipat, Haryana",17.11,1259
2025-04-23,tomato,"Sonipat, Haryana",20.89,1562
2025-04-30,tomato,"Sonipat, Haryana",19.09,1640
2025-05-07,tomato,"Sonipat, Haryana",20.63,455
2025-05-14,tomato,"Sonipat, Haryana",18.11,564
2025-05-21,tomato,"Sonipat, Haryana",21.39,1701
2025-05-28,tomato,"Sonipat, Haryana",23.03,389
2025-06-04,tomato,"Sonipat, Haryana",22.67,559
2025-06-11,tomato,"Sonipat, Haryana",18.89,1344
2025-06-18,tomato,"Sonipat, Haryana",21.69,1669
2025-06-25,tomato,"Sonipat, Haryana",18.26,1487
2025-07-02,tomato,"Sonipat, Haryana",22.14,1127
2025-07-09,tomato,"Sonipat, Haryana",20.17,1618
2025-07-16,tomato,"Sonipat, Haryana",19.0,1756
2025-07-23,tomato,"Sonipat, Haryana",16.42,1725
2025-07-30,tomato,"Sonipat, Haryana",24.16,428
2025-08-06,tomato,"Sonipat, Haryana",22.65,925
2025-08-13,tomato,"Sonipat, Haryana",16.95,1108
2025-08-20,tomato,"Sonipat, Haryana",16.68,1563
2025-08-27,tomato,"Sonipat, Haryana",19.33,1359
2025-09-03,tomato,"Sonipat, Haryana",16.04,893
2025-09-10,tomato,"Sonipat, Haryana",15.91,540
2025-09-17,tomato,"Sonipat, Haryana",16.96,846
2025-09-24,tomato,"Sonipat, Haryana",14.18,1475
2025-10-01,tomato,"Sonipat, Haryana",14.61,1130
2025-10-08,tomato,"Sonipat, Haryana",17.26,596
2025-10-15,tomato,"Sonipat, Haryana",14.31,814
2025-10-22,tomato,"Sonipat, Haryana",13.18,340
2025-10-29,tomato,"Sonipat, Haryana",13.43,1238
2025-11-05,tomato,"Sonipat, Haryana",13.73,582
2025-11-12,tomato,"Sonipat, Haryana",11.47,492
2025-11-19,tomato,"Sonipat, Haryana",12.69,1005
2025-11-26,tomato,"Sonipat, Haryana",13.34,823
2025-12-03,tomato,"Sonipat, Haryana",13.73,400
2025-12-10,tomato,"Sonipat, Haryana",14.44,1092
2025-12-17,tomato,"Sonipat, Haryana",13.54,628
2025-12-24,tomato,"Sonipat, Haryana",11.12,925
2025-12-31,tomato,"Sonipat, Haryana",11.14,852
2026-01-07,tomato,"Sonipat, Haryana",13.36,1090
2026-01-14,tomato,"Sonipat, Haryana",13.66,810
2026-01-21,tomato,"Sonipat, Haryana",11.07,191
2026-01-28,tomato,"Sonipat, Haryana",15.32,1119
2026-02-04,tomato,"Sonipat, Haryana",16.05,1044
2026-02-11,tomato,"Sonipat, Haryana",14.53,1133
2026-02-18,tomato,"Sonipat, Haryana",13.45,979
2026-02-25,tomato,"Sonipat, Haryana",12.12,750
2026-03-04,tomato,"Sonipat, Haryana",16.38,1003
2026-03-11,tomato,"Sonipat, Haryana",18.42,1001
2026-03-18,tomato,"Sonipat, Haryana",17.17,834
2026-03-25,tomato,"Sonipat, Haryana",13.89,917
2026-04-01,tomato,"Sonipat, Haryana",15.68,999
2026-04-08,tomato,"Sonipat, Haryana",17.74,1654
2026-04-15,tomato,"Sonipat, Haryana",15.75,1414
2026-04-22,tomato,"Sonipat, Haryana",20.9,1404
2026-04-29,tomato,"Sonipat, Haryana",22.76,381
2026-05-06,tomato,"Sonipat, Haryana",17.75,478
2026-05-13,tomato,"Sonipat, Haryana",18.57,1075
2026-05-20,tomato,"Sonipat, Haryana",23.87,666
2026-05-27,tomato,"Sonipat, Haryana",20.35,833
2026-06-03,tomato,"Sonipat, Haryana",21.0,1168
2026-06-10,tomato,"Sonipat, Haryana",26.13,617
2026-06-17,tomato,"Sonipat, Haryana",23.47,1627
2026-06-24,tomato,"Sonipat, Haryana",23.23,1644
2026-07-01,tomato,"Sonipat, Haryana",23.53,391
2026-07-08,tomato,"Sonipat, Haryana",20.31,1117
2026-07-15,tomato,"Sonipat, Haryana",17.56,258
2026-07-22,tomato,"Sonipat, Haryana",18.57,1033
2026-07-29,tomato,"Sonipat, Haryana",20.83,1483
2025-01-01,tomato,"Nashik, Maharashtra",13.1,1030
2025-01-08,tomato,"Nashik, Maharashtra",10.71,694
2025-01-15,tomato,"Nashik, Maharashtra",10.45,372
2025-01-22,tomato,"Nashik, Maharashtra",14.69,1060
2025-01-29,tomato,"Nashik, Maharashtra",12.69,204
2025-02-05,tomato,"Nashik, Maharashtra",11.88,1227
2025-02-12,tomato,"Nashik, Maharashtra",16.63,815
2025-02-19,tomato,"Nashik, Maharashtra",11.67,1231
2025-02-26,tomato,"Nashik, Maharashtra",13.3,1268
2025-03-05,tomato,"Nashik, Maharashtra",17.0,1177
2025-03-12,tomato,"Nashik, Maharashtra",17.85,717
2025-03-19,tomato,"Nashik, Maharashtra",13.68,411
2025-03-26,tomato,"Nashik, Maharashtra",14.77,1285
2025-04-02,tomato,"Nashik, Maharashtra",17.73,1536
2025-04-09,tomato,"Nashik, Maharashtra",17.32,1330
2025-04-16,tomato,"Nashik, Maharashtra",15.92,1670
2025-04-23,tomato,"Nashik, Maharashtra",20.28,957
2025-04-30,tomato,"Nashik, Maharashtra",22.16,303
2025-05-07,tomato,"Nashik, Maharashtra",19.66,1569
2025-05-14,tomato,"Nashik, Maharashtra",18.9,1459
2025-05-21,tomato,"Nashik, Maharashtra",23.88,870
2025-05-28,tomato,"Nashik, Maharashtra",22.43,290
2025-06-04,tomato,"Nashik, Maharashtra",18.91,1862
2025-06-11,tomato,"Nashik, Maharashtra",20.74,828
2025-06-18,tomato,"Nashik, Maharashtra",24.51,951
2025-06-25,tomato,"Nashik, Maharashtra",22.36,1323
2025-07-02,tomato,"Nashik, Maharashtra",16.95,1221
2025-07-09,tomato,"Nashik, Maharashtra",22.76,1371
2025-07-16,tomato,"Nashik, Maharashtra",16.95,487
2025-07-23,tomato,"Nashik, Maharashtra",22.1,1245
2025-07-30,tomato,"Nashik, Maharashtra",22.35,744
2025-08-06,tomato,"Nashik, Maharashtra",15.91,232
2025-08-13,tomato,"Nashik, Maharashtra",17.45,751
2025-08-20,tomato,"Nashik, Maharashtra",17.17,418
2025-08-27,tomato,"Nashik, Maharashtra",16.56,881
2025-09-03,tomato,"Nashik, Maharashtra",17.21,730
2025-09-10,tomato,"Nashik, Maharashtra",13.66,660
2025-09-17,tomato,"Nashik, Maharashtra",14.13,977
2025-09-24,tomato,"Nashik, Maharashtra",15.7,700
2025-10-01,tomato,"Nashik, Maharashtra",13.56,616
2025-10-08,tomato,"Nashik, Maharashtra",12.35,1200
2025-10-15,tomato,"Nashik, Maharashtra",17.22,1287
2025-10-22,tomato,"Nashik, Maharashtra",15.26,367
2025-10-29,tomato,"Nashik, Maharashtra",14.14,332
2025-11-05,tomato,"Nashik, Maharashtra",12.25,658
2025-11-12,tomato,"Nashik, Maharashtra",10.99,599
2025-11-19,tomato,"Nashik, Maharashtra",12.91,649
2025-11-26,tomato,"Nashik, Maharashtra",11.09,413
2025-12-03,tomato,"Nashik, Maharashtra",11.49,759
2025-12-10,tomato,"Nashik, Maharashtra",13.28,340
2025-12-17,tomato,"Nashik, Maharashtra",10.8,447
2025-12-24,tomato,"Nashik, Maharashtra",15.12,473
2025-12-31,tomato,"Nashik, Maharashtra",13.45,933
2026-01-07,tomato,"Nashik, Maharashtra",12.5,497
2026-01-14,tomato,"Nashik, Maharashtra",15.13,1032
2026-01-21,tomato,"Nashik, Maharashtra",15.99,295
2026-01-28,tomato,"Nashik, Maharashtra",12.49,1121
2026-02-04,tomato,"Nashik, Maharashtra",13.24,532
2026-02-11,tomato,"Nashik, Maharashtra",17.85,1276
2026-02-18,tomato,"Nashik, Maharashtra",13.81,965
2026-02-25,tomato,"Nashik, Maharashtra",15.03,830
2026-03-04,tomato,"Nashik, Maharashtra",15.48,688
2026-03-11,tomato,"Nashik, Maharashtra",19.46,710
2026-03-18,tomato,"Nashik, Maharashtra",14.62,933
2026-03-25,tomato,"Nashik, Maharashtra",17.94,909
2026-04-01,tomato,"Nashik, Maharashtra",20.9,1029
2026-04-08,tomato,"Nashik, Maharashtra",23.03,900
2026-04-15,tomato,"Nashik, Maharashtra",21.14,866
2026-04-22,tomato,"Nashik, Maharashtra",17.91,1238
2026-04-29,tomato,"Nashik, Maharashtra",22.05,1388
2026-05-06,tomato,"Nashik, Maharashtra",20.39,1032
2026-05-13,tomato,"Nashik, Maharashtra",22.31,626
2026-05-20,tomato,"Nashik, Maharashtra",22.55,1374
2026-05-27,tomato,"Nashik, Maharashtra",23.67,360
2026-06-03,tomato,"Nashik, Maharashtra",26.11,1028
2026-06-10,tomato,"Nashik, Maharashtra",20.98,1073
2026-06-17,tomato,"Nashik, Maharashtra",25.54,1374
2026-06-24,tomato,"Nashik, Maharashtra",22.27,1534
2026-07-01,tomato,"Nashik, Maharashtra",20.12,1659
2026-07-08,tomato,"Nashik, Maharashtra",21.65,1252
2026-07-15,tomato,"Nashik, Maharashtra",17.81,1459
2026-07-22,tomato,"Nashik, Maharashtra",22.72,804
2026-07-29,tomato,"Nashik, Maharashtra",22.65,313
2025-01-01,tomato,"Indore, MP",14.61,846
2025-01-08,tomato,"Indore, MP",11.77,923
2025-01-15,tomato,"Indore, MP",14.56,595
2025-01-22,tomato,"Indore, MP",9.88,420
2025-01-29,tomato,"Indore, MP",12.35,685
2025-02-05,tomato,"Indore, MP",14.19,829
2025-02-12,tomato,"Indore, MP",13.46,619
2025-02-19,tomato,"Indore, MP",15.27,844
2025-02-26,tomato,"Indore, MP",13.79,567
2025-03-05,tomato,"Indore, MP",12.77,335
2025-03-12,tomato,"Indore, MP",15.25,1450
2025-03-19,tomato,"Indore, MP",13.37,1422
2025-03-26,tomato,"Indore, MP",13.55,605
2025-04-02,tomato,"Indore, MP",17.49,527
2025-04-09,tomato,"Indore, MP",17.7,921
2025-04-16,tomato,"Indore, MP",17.4,1244
2025-04-23,tomato,"Indore, MP",16.56,664
2025-04-30,tomato,"Indore, MP",20.09,393
2025-05-07,tomato,"Indore, MP",22.05,1268
2025-05-14,tomato,"Indore, MP",20.74,503
2025-05-21,tomato,"Indore, MP",23.13,629
2025-05-28,tomato,"Indore, MP",16.88,496
2025-06-04,tomato,"Indore, MP",20.43,1807
2025-06-11,tomato,"Indore, MP",17.83,908
2025-06-18,tomato,"Indore, MP",17.47,1290
2025-06-25,tomato,"Indore, MP",19.47,297
2025-07-02,tomato,"Indore, MP",20.38,555
2025-07-09,tomato,"Indore, MP",20.23,858
2025-07-16,tomato,"Indore, MP",21.13,568
2025-07-23,tomato,"Indore, MP",21.52,1522
2025-07-30,tomato,"Indore, MP",16.14,404
2025-08-06,tomato,"Indore, MP",20.81,498
2025-08-13,tomato,"Indore, MP",16.87,894
2025-08-20,tomato,"Indore, MP",16.42,1486
2025-08-27,tomato,"Indore, MP",18.37,1159
2025-09-03,tomato,"Indore, MP",16.79,994
2025-09-10,tomato,"Indore, MP",16.74,652
2025-09-17,tomato,"Indore, MP",18.43,1002
2025-09-24,tomato,"Indore, MP",18.24,1117
2025-10-01,tomato,"Indore, MP",13.04,873
2025-10-08,tomato,"Indore, MP",11.85,327
2025-10-15,tomato,"Indore, MP",12.05,522
2025-10-22,tomato,"Indore, MP",12.43,963
2025-10-29,tomato,"Indore, MP",14.31,650
2025-11-05,tomato,"Indore, MP",10.92,547
2025-11-12,tomato,"Indore, MP",11.17,803
2025-11-19,tomato,"Indore, MP",13.78,813
2025-11-26,tomato,"Indore, MP",15.37,721
2025-12-03,tomato,"Indore, MP",12.22,286
2025-12-10,tomato,"Indore, MP",11.37,589
2025-12-17,tomato,"Indore, MP",10.1,500
2025-12-24,tomato,"Indore, MP",9.89,283
2025-12-31,tomato,"Indore, MP",13.87,1089
2026-01-07,tomato,"Indore, MP",12.9,660
2026-01-14,tomato,"Indore, MP",13.84,580
2026-01-21,tomato,"Indore, MP",14.65,654
2026-01-28,tomato,"Indore, MP",10.76,188
2026-02-04,tomato,"Indore, MP",15.94,507
2026-02-11,tomato,"Indore, MP",13.15,786
2026-02-18,tomato,"Indore, MP",12.54,695
2026-02-25,tomato,"Indore, MP",15.88,1046
2026-03-04,tomato,"Indore, MP",16.88,347
2026-03-11,tomato,"Indore, MP",14.01,1207
2026-03-18,tomato,"Indore, MP",18.73,676
2026-03-25,tomato,"Indore, MP",18.74,254
2026-04-01,tomato,"Indore, MP",20.33,1024
2026-04-08,tomato,"Indore, MP",22.38,374
2026-04-15,tomato,"Indore, MP",21.2,1323
2026-04-22,tomato,"Indore, MP",17.23,1686
2026-04-29,tomato,"Indore, MP",18.38,734
2026-05-06,tomato,"Indore, MP",22.88,937
2026-05-13,tomato,"Indore, MP",24.34,1469
2026-05-20,tomato,"Indore, MP",18.2,1525
2026-05-27,tomato,"Indore, MP",21.08,797
2026-06-03,tomato,"Indore, MP",22.71,1278
2026-06-10,tomato,"Indore, MP",18.16,476
2026-06-17,tomato,"Indore, MP",18.52,586
2026-06-24,tomato,"Indore, MP",17.3,820
2026-07-01,tomato,"Indore, MP",18.66,1095
2026-07-08,tomato,"Indore, MP",19.03,1356
2026-07-15,tomato,"Indore, MP",18.76,666
2026-07-22,tomato,"Indore, MP",23.45,1801
2026-07-29,tomato,"Indore, MP",22.0,393
2025-01-01,tomato,"Dehradun, Uttarakhand",14.82,956
2025-01-08,tomato,"Dehradun, Uttarakhand",14.61,1167
2025-01-15,tomato,"Dehradun, Uttarakhand",14.37,285
2025-01-22,tomato,"Dehradun, Uttarakhand",14.38,411
2025-01-29,tomato,"Dehradun, Uttarakhand",13.61,1000
2025-02-05,tomato,"Dehradun, Uttarakhand",15.5,944
2025-02-12,tomato,"Dehradun, Uttarakhand",13.99,831
2025-02-19,tomato,"Dehradun, Uttarakhand",12.76,646
2025-02-26,tomato,"Dehradun, Uttarakhand",13.8,895
2025-03-05,tomato,"Dehradun, Uttarakhand",18.55,321
2025-03-12,tomato,"Dehradun, Uttarakhand",16.22,561
2025-03-19,tomato,"Dehradun, Uttarakhand",18.95,679
2025-03-26,tomato,"Dehradun, Uttarakhand",19.05,625
2025-04-02,tomato,"Dehradun, Uttarakhand",14.56,1357
2025-04-09,tomato,"Dehradun, Uttarakhand",19.89,1293
2025-04-16,tomato,"Dehradun, Uttarakhand",17.91,1196
2025-04-23,tomato,"Dehradun, Uttarakhand",17.2,317
2025-04-30,tomato,"Dehradun, Uttarakhand",18.5,543
2025-05-07,tomato,"Dehradun, Uttarakhand",19.2,578
2025-05-14,tomato,"Dehradun, Uttarakhand",17.94,1553
2025-05-21,tomato,"Dehradun, Uttarakhand",18.51,1157
2025-05-28,tomato,"Dehradun, Uttarakhand",20.34,1010
2025-06-04,tomato,"Dehradun, Uttarakhand",19.1,1359
2025-06-11,tomato,"Dehradun, Uttarakhand",16.71,411
2025-06-18,tomato,"Dehradun, Uttarakhand",22.73,996
2025-06-25,tomato,"Dehradun, Uttarakhand",17.36,1643
2025-07-02,tomato,"Dehradun, Uttarakhand",19.44,244
2025-07-09,tomato,"Dehradun, Uttarakhand",23.57,563
2025-07-16,tomato,"Dehradun, Uttarakhand",21.45,451
2025-07-23,tomato,"Dehradun, Uttarakhand",21.16,494
2025-07-30,tomato,"Dehradun, Uttarakhand",23.44,676
2025-08-06,tomato,"Dehradun, Uttarakhand",19.64,591
2025-08-13,tomato,"Dehradun, Uttarakhand",17.56,1546
2025-08-20,tomato,"Dehradun, Uttarakhand",16.05,804
2025-08-27,tomato,"Dehradun, Uttarakhand",17.1,1247
2025-09-03,tomato,"Dehradun, Uttarakhand",14.75,1052
2025-09-10,tomato,"Dehradun, Uttarakhand",17.86,201
2025-09-17,tomato,"Dehradun, Uttarakhand",16.38,372
2025-09-24,tomato,"Dehradun, Uttarakhand",14.74,1083
2025-10-01,tomato,"Dehradun, Uttarakhand",11.65,966
2025-10-08,tomato,"Dehradun, Uttarakhand",16.35,1299
2025-10-15,tomato,"Dehradun, Uttarakhand",14.07,325
2025-10-22,tomato,"Dehradun, Uttarakhand",12.04,610
2025-10-29,tomato,"Dehradun, Uttarakhand",15.89,291
2025-11-05,tomato,"Dehradun, Uttarakhand",12.07,1054
2025-11-12,tomato,"Dehradun, Uttarakhand",11.16,944
2025-11-19,tomato,"Dehradun, Uttarakhand",14.39,292
2025-11-26,tomato,"Dehradun, Uttarakhand",15.65,302
2025-12-03,tomato,"Dehradun, Uttarakhand",12.68,158
2025-12-10,tomato,"Dehradun, Uttarakhand",13.29,579
2025-12-17,tomato,"Dehradun, Uttarakhand",13.67,762
2025-12-24,tomato,"Dehradun, Uttarakhand",10.81,551
2025-12-31,tomato,"Dehradun, Uttarakhand",13.51,988
2026-01-07,tomato,"Dehradun, Uttarakhand",10.97,259
2026-01-14,tomato,"Dehradun, Uttarakhand",14.49,757
2026-01-21,tomato,"Dehradun, Uttarakhand",12.56,1137
2026-01-28,tomato,"Dehradun, Uttarakhand",12.21,299
2026-02-04,tomato,"Dehradun, Uttarakhand",13.42,270
2026-02-11,tomato,"Dehradun, Uttarakhand",15.07,857
2026-02-18,tomato,"Dehradun, Uttarakhand",15.4,1061
2026-02-25,tomato,"Dehradun, Uttarakhand",15.9,1139
2026-03-04,tomato,"Dehradun, Uttarakhand",17.98,592
2026-03-11,tomato,"Dehradun, Uttarakhand",17.04,862
2026-03-18,tomato,"Dehradun, Uttarakhand",18.61,584
2026-03-25,tomato,"Dehradun, Uttarakhand",13.93,1367
2026-04-01,tomato,"Dehradun, Uttarakhand",22.56,948
2026-04-08,tomato,"Dehradun, Uttarakhand",16.15,955
2026-04-15,tomato,"Dehradun, Uttarakhand",19.84,997
2026-04-22,tomato,"Dehradun, Uttarakhand",22.8,1668
2026-04-29,tomato,"Dehradun, Uttarakhand",22.48,418
2026-05-06,tomato,"Dehradun, Uttarakhand",23.73,1142
2026-05-13,tomato,"Dehradun, Uttarakhand",19.64,1323
2026-05-20,tomato,"Dehradun, Uttarakhand",22.96,1752
2026-05-27,tomato,"Dehradun, Uttarakhand",23.04,269
2026-06-03,tomato,"Dehradun, Uttarakhand",17.68,676
2026-06-10,tomato,"Dehradun, Uttarakhand",17.46,348
2026-06-17,tomato,"Dehradun, Uttarakhand",23.9,1073
2026-06-24,tomato,"Dehradun, Uttarakhand",22.54,1064
2026-07-01,tomato,"Dehradun, Uttarakhand",20.18,1353
2026-07-08,tomato,"Dehradun, Uttarakhand",17.41,1091
2026-07-15,tomato,"Dehradun, Uttarakhand",21.89,682
2026-07-22,tomato,"Dehradun, Uttarakhand",19.35,1051
2026-07-29,tomato,"Dehradun, Uttarakhand",18.47,1521
2025-01-01,potato,"Sonipat, Haryana",15.66,861
2025-01-08,potato,"Sonipat, Haryana",15.98,1563
2025-01-15,potato,"Sonipat, Haryana",16.14,347
2025-01-22,potato,"Sonipat, Haryana",16.21,1397
2025-01-29,potato,"Sonipat, Haryana",16.69,334
2025-02-05,potato,"Sonipat, Haryana",14.72,956
2025-02-12,potato,"Sonipat, Haryana",15.92,1239
2025-02-19,potato,"Sonipat, Haryana",15.47,1455
2025-02-26,potato,"Sonipat, Haryana",16.87,444
2025-03-05,potato,"Sonipat, Haryana",16.33,1352
2025-03-12,potato,"Sonipat, Haryana",14.64,1750
2025-03-19,potato,"Sonipat, Haryana",15.79,1481
2025-03-26,potato,"Sonipat, Haryana",16.42,507
2025-04-02,potato,"Sonipat, Haryana",13.47,1367
2025-04-09,potato,"Sonipat, Haryana",13.9,1521
2025-04-16,potato,"Sonipat, Haryana",15.38,267
2025-04-23,potato,"Sonipat, Haryana",15.5,622
2025-04-30,potato,"Sonipat, Haryana",13.34,1266
2025-05-07,potato,"Sonipat, Haryana",13.2,300
2025-05-14,potato,"Sonipat, Haryana",12.9,668
2025-05-21,potato,"Sonipat, Haryana",13.03,936
2025-05-28,potato,"Sonipat, Haryana",12.7,531
2025-06-04,potato,"Sonipat, Haryana",10.51,827
2025-06-11,potato,"Sonipat, Haryana",11.94,434
2025-06-18,potato,"Sonipat, Haryana",11.46,225
2025-06-25,potato,"Sonipat, Haryana",12.29,453
2025-07-02,potato,"Sonipat, Haryana",10.21,546
2025-07-09,potato,"Sonipat, Haryana",9.56,1105
2025-07-16,potato,"Sonipat, Haryana",11.02,719
2025-07-23,potato,"Sonipat, Haryana",11.15,911
2025-07-30,potato,"Sonipat, Haryana",10.14,484
2025-08-06,potato,"Sonipat, Haryana",9.71,852
2025-08-13,potato,"Sonipat, Haryana",9.43,225
2025-08-20,potato,"Sonipat, Haryana",9.64,639
2025-08-27,potato,"Sonipat, Haryana",10.7,324
2025-09-03,potato,"Sonipat, Haryana",10.98,1156
2025-09-10,potato,"Sonipat, Haryana",11.3,226
2025-09-17,potato,"Sonipat, Haryana",10.3,444
2025-09-24,potato,"Sonipat, Haryana",11.1,490
2025-10-01,potato,"Sonipat, Haryana",11.73,184
2025-10-08,potato,"Sonipat, Haryana",10.92,816
2025-10-15,potato,"Sonipat, Haryana",11.17,883
2025-10-22,potato,"Sonipat, Haryana",11.55,848
2025-10-29,potato,"Sonipat, Haryana",11.63,1053
2025-11-05,potato,"Sonipat, Haryana",12.51,1370
2025-11-12,potato,"Sonipat, Haryana",14.03,518
2025-11-19,potato,"Sonipat, Haryana",12.03,733
2025-11-26,potato,"Sonipat, Haryana",12.65,650
2025-12-03,potato,"Sonipat, Haryana",16.07,1507
2025-12-10,potato,"Sonipat, Haryana",16.42,227
2025-12-17,potato,"Sonipat, Haryana",15.55,1466
2025-12-24,potato,"Sonipat, Haryana",15.77,377
2025-12-31,potato,"Sonipat, Haryana",15.19,573
2026-01-07,potato,"Sonipat, Haryana",16.32,338
2026-01-14,potato,"Sonipat, Haryana",17.99,1368
2026-01-21,potato,"Sonipat, Haryana",15.04,1700
2026-01-28,potato,"Sonipat, Haryana",17.69,1065
2026-02-04,potato,"Sonipat, Haryana",17.54,855
2026-02-11,potato,"Sonipat, Haryana",18.48,387
2026-02-18,potato,"Sonipat, Haryana",15.52,466
2026-02-25,potato,"Sonipat, Haryana",17.99,371
2026-03-04,potato,"Sonipat, Haryana",16.69,931
2026-03-11,potato,"Sonipat, Haryana",18.01,617
2026-03-18,potato,"Sonipat, Haryana",15.71,741
2026-03-25,potato,"Sonipat, Haryana",17.51,1351
2026-04-01,potato,"Sonipat, Haryana",16.0,690
2026-04-08,potato,"Sonipat, Haryana",14.6,334
2026-04-15,potato,"Sonipat, Haryana",14.4,1365
2026-04-22,potato,"Sonipat, Haryana",15.59,452
2026-04-29,potato,"Sonipat, Haryana",14.31,906
2026-05-06,potato,"Sonipat, Haryana",13.39,896
2026-05-13,potato,"Sonipat, Haryana",14.93,469
2026-05-20,potato,"Sonipat, Haryana",13.15,544
2026-05-27,potato,"Sonipat, Haryana",12.65,404
2026-06-03,potato,"Sonipat, Haryana",12.43,1115
2026-06-10,potato,"Sonipat, Haryana",12.47,220
2026-06-17,potato,"Sonipat, Haryana",12.81,547
2026-06-24,potato,"Sonipat, Haryana",11.04,457
2026-07-01,potato,"Sonipat, Haryana",10.46,679
2026-07-08,potato,"Sonipat, Haryana",11.16,421
2026-07-15,potato,"Sonipat, Haryana",11.85,188
2026-07-22,potato,"Sonipat, Haryana",10.59,617
2026-07-29,potato,"Sonipat, Haryana",11.35,411
2025-01-01,potato,"Nashik, Maharashtra",14.55,1514
2025-01-08,potato,"Nashik, Maharashtra",13.61,262
2025-01-15,potato,"Nashik, Maharashtra",15.66,1797
2025-01-22,potato,"Nashik, Maharashtra",13.61,1545
2025-01-29,potato,"Nashik, Maharashtra",14.34,1240
2025-02-05,potato,"Nashik, Maharashtra",15.57,1196
2025-02-12,potato,"Nashik, Maharashtra",14.42,1570
2025-02-19,potato,"Nashik, Maharashtra",13.71,354
2025-02-26,potato,"Nashik, Maharashtra",16.4,970
2025-03-05,potato,"Nashik, Maharashtra",13.69,1674
2025-03-12,potato,"Nashik, Maharashtra",15.77,767
2025-03-19,potato,"Nashik, Maharashtra",13.46,972
2025-03-26,potato,"Nashik, Maharashtra",13.84,1150
2025-04-02,potato,"Nashik, Maharashtra",14.61,802
2025-04-09,potato,"Nashik, Maharashtra",12.45,1224
2025-04-16,potato,"Nashik, Maharashtra",12.85,539
2025-04-23,potato,"Nashik, Maharashtra",12.9,634
2025-04-30,potato,"Nashik, Maharashtra",14.83,275
2025-05-07,potato,"Nashik, Maharashtra",12.55,519
2025-05-14,potato,"Nashik, Maharashtra",11.77,735
2025-05-21,potato,"Nashik, Maharashtra",12.41,279
2025-05-28,potato,"Nashik, Maharashtra",11.75,378
2025-06-04,potato,"Nashik, Maharashtra",10.12,1181
2025-06-11,potato,"Nashik, Maharashtra",10.83,892
2025-06-18,potato,"Nashik, Maharashtra",11.44,1079
2025-06-25,potato,"Nashik, Maharashtra",11.85,1064
2025-07-02,potato,"Nashik, Maharashtra",9.41,711
2025-07-09,potato,"Nashik, Maharashtra",9.66,1086
2025-07-16,potato,"Nashik, Maharashtra",9.7,552
2025-07-23,potato,"Nashik, Maharashtra",9.08,481
2025-07-30,potato,"Nashik, Maharashtra",9.17,1069
2025-08-06,potato,"Nashik, Maharashtra",9.83,207
2025-08-13,potato,"Nashik, Maharashtra",10.23,666
2025-08-20,potato,"Nashik, Maharashtra",9.82,1124
2025-08-27,potato,"Nashik, Maharashtra",10.22,247
2025-09-03,potato,"Nashik, Maharashtra",10.07,428
2025-09-10,potato,"Nashik, Maharashtra",10.39,1090
2025-09-17,potato,"Nashik, Maharashtra",8.91,1171
2025-09-24,potato,"Nashik, Maharashtra",9.24,1018
2025-10-01,potato,"Nashik, Maharashtra",11.59,578
2025-10-08,potato,"Nashik, Maharashtra",11.69,1136
2025-10-15,potato,"Nashik, Maharashtra",10.25,848
2025-10-22,potato,"Nashik, Maharashtra",11.64,968
2025-10-29,potato,"Nashik, Maharashtra",11.89,207
2025-11-05,potato,"Nashik, Maharashtra",13.07,1431
2025-11-12,potato,"Nashik, Maharashtra",12.73,932
2025-11-19,potato,"Nashik, Maharashtra",11.8,1484
2025-11-26,potato,"Nashik, Maharashtra",13.56,839
2025-12-03,potato,"Nashik, Maharashtra",13.64,942
2025-12-10,potato,"Nashik, Maharashtra",13.04,565
2025-12-17,potato,"Nashik, Maharashtra",13.41,994
2025-12-24,potato,"Nashik, Maharashtra",12.8,1567
2025-12-31,potato,"Nashik, Maharashtra",13.39,415
2026-01-07,potato,"Nashik, Maharashtra",16.08,1696
2026-01-14,potato,"Nashik, Maharashtra",16.49,755
2026-01-21,potato,"Nashik, Maharashtra",13.96,1170
2026-01-28,potato,"Nashik, Maharashtra",16.74,1467
2026-02-04,potato,"Nashik, Maharashtra",16.99,1648
2026-02-11,potato,"Nashik, Maharashtra",17.37,857
2026-02-18,potato,"Nashik, Maharashtra",17.33,892
2026-02-25,potato,"Nashik, Maharashtra",14.67,740
2026-03-04,potato,"Nashik, Maharashtra",14.4,492
2026-03-11,potato,"Nashik, Maharashtra",16.93,1495
2026-03-18,potato,"Nashik, Maharashtra",16.99,1269
2026-03-25,potato,"Nashik, Maharashtra",14.55,1775
2026-04-01,potato,"Nashik, Maharashtra",14.97,1583
2026-04-08,potato,"Nashik, Maharashtra",15.25,551
2026-04-15,potato,"Nashik, Maharashtra",14.69,481
2026-04-22,potato,"Nashik, Maharashtra",13.89,1231
2026-04-29,potato,"Nashik, Maharashtra",13.38,1290
2026-05-06,potato,"Nashik, Maharashtra",14.02,1433
2026-05-13,potato,"Nashik, Maharashtra",12.6,1492
2026-05-20,potato,"Nashik, Maharashtra",14.09,242
2026-05-27,potato,"Nashik, Maharashtra",13.17,1397
2026-06-03,potato,"Nashik, Maharashtra",12.36,426
2026-06-10,potato,"Nashik, Maharashtra",11.46,1240
2026-06-17,potato,"Nashik, Maharashtra",10.51,1022
2026-06-24,potato,"Nashik, Maharashtra",10.74,1292
2026-07-01,potato,"Nashik, Maharashtra",9.48,1058
2026-07-08,potato,"Nashik, Maharashtra",9.33,878
2026-07-15,potato,"Nashik, Maharashtra",10.46,1059
2026-07-22,potato,"Nashik, Maharashtra",10.07,426
2026-07-29,potato,"Nashik, Maharashtra",9.68,225
2025-01-01,potato,"Indore, MP",15.23,414
2025-01-08,potato,"Indore, MP",14.43,853
2025-01-15,potato,"Indore, MP",16.79,1775
2025-01-22,potato,"Indore, MP",17.3,1023
2025-01-29,potato,"Indore, MP",15.69,1106
2025-02-05,potato,"Indore, MP",15.22,1029
2025-02-12,potato,"Indore, MP",17.76,1307
2025-02-19,potato,"Indore, MP",17.19,514
2025-02-26,potato,"Indore, MP",15.17,1624
2025-03-05,potato,"Indore, MP",15.49,747
2025-03-12,potato,"Indore, MP",17.63,360
2025-03-19,potato,"Indore, MP",15.12,837
2025-03-26,potato,"Indore, MP",16.95,1108
2025-04-02,potato,"Indore, MP",16.19,361
2025-04-09,potato,"Indore, MP",15.29,1122
2025-04-16,potato,"Indore, MP",14.97,270
2025-04-23,potato,"Indore, MP",16.37,466
2025-04-30,potato,"Indore, MP",16.23,454
2025-05-07,potato,"Indore, MP",12.33,467
2025-05-14,potato,"Indore, MP",12.58,1106
2025-05-21,potato,"Indore, MP",14.02,1148
2025-05-28,potato,"Indore, MP",12.8,565
2025-06-04,potato,"Indore, MP",11.15,231
2025-06-11,potato,"Indore, MP",11.94,1130
2025-06-18,potato,"Indore, MP",10.97,585
2025-06-25,potato,"Indore, MP",11.63,510
2025-07-02,potato,"Indore, MP",10.92,768
2025-07-09,potato,"Indore, MP",9.95,182
2025-07-16,potato,"Indore, MP",9.9,453
2025-07-23,potato,"Indore, MP",9.72,1016
2025-07-30,potato,"Indore, MP",10.21,561
2025-08-06,potato,"Indore, MP",10.15,794
2025-08-13,potato,"Indore, MP",9.35,680
2025-08-20,potato,"Indore, MP",9.55,1013
2025-08-27,potato,"Indore, MP",9.93,584
2025-09-03,potato,"Indore, MP",10.16,630
2025-09-10,potato,"Indore, MP",10.09,430
2025-09-17,potato,"Indore, MP",9.75,922
2025-09-24,potato,"Indore, MP",11.05,243
2025-10-01,potato,"Indore, MP",11.58,790
2025-10-08,potato,"Indore, MP",13.09,845
2025-10-15,potato,"Indore, MP",12.11,1131
2025-10-22,potato,"Indore, MP",12.75,651
2025-10-29,potato,"Indore, MP",12.08,1161
2025-11-05,potato,"Indore, MP",13.66,1346
2025-11-12,potato,"Indore, MP",13.67,302
2025-11-19,potato,"Indore, MP",14.86,1128
2025-11-26,potato,"Indore, MP",13.77,1370
2025-12-03,potato,"Indore, MP",16.43,1215
2025-12-10,potato,"Indore, MP",15.89,400
2025-12-17,potato,"Indore, MP",16.33,477
2025-12-24,potato,"Indore, MP",17.05,1646
2025-12-31,potato,"Indore, MP",16.52,409
2026-01-07,potato,"Indore, MP",16.58,1806
2026-01-14,potato,"Indore, MP",16.64,1820
2026-01-21,potato,"Indore, MP",17.3,1562
2026-01-28,potato,"Indore, MP",16.07,1683
2026-02-04,potato,"Indore, MP",18.8,358
2026-02-11,potato,"Indore, MP",16.99,895
2026-02-18,potato,"Indore, MP",16.79,698
2026-02-25,potato,"Indore, MP",17.27,1669
2026-03-04,potato,"Indore, MP",17.93,1228
2026-03-11,potato,"Indore, MP",17.05,906
2026-03-18,potato,"Indore, MP",16.7,477
2026-03-25,potato,"Indore, MP",17.31,1442
2026-04-01,potato,"Indore, MP",17.13,1577
2026-04-08,potato,"Indore, MP",15.96,372
2026-04-15,potato,"Indore, MP",15.1,1008
2026-04-22,potato,"Indore, MP",15.29,825
2026-04-29,potato,"Indore, MP",15.43,935
2026-05-06,potato,"Indore, MP",14.36,248
2026-05-13,potato,"Indore, MP",13.44,387
2026-05-20,potato,"Indore, MP",14.39,1101
2026-05-27,potato,"Indore, MP",12.8,1356
2026-06-03,potato,"Indore, MP",11.93,445
2026-06-10,potato,"Indore, MP",12.96,1222
2026-06-17,potato,"Indore, MP",13.35,198
2026-06-24,potato,"Indore, MP",13.17,519
2026-07-01,potato,"Indore, MP",10.61,657
2026-07-08,potato,"Indore, MP",11.54,256
2026-07-15,potato,"Indore, MP",11.93,293
2026-07-22,potato,"Indore, MP",12.18,608
2026-07-29,potato,"Indore, MP",11.86,431
2025-01-01,potato,"Dehradun, Uttarakhand",15.02,1264
2025-01-08,potato,"Dehradun, Uttarakhand",14.33,577
2025-01-15,potato,"Dehradun, Uttarakhand",16.29,1415
2025-01-22,potato,"Dehradun, Uttarakhand",16.11,1614
2025-01-29,potato,"Dehradun, Uttarakhand",16.31,1058
2025-02-05,potato,"Dehradun, Uttarakhand",14.69,755
2025-02-12,potato,"Dehradun, Uttarakhand",15.8,470
2025-02-19,potato,"Dehradun, Uttarakhand",16.91,1678
2025-02-26,potato,"Dehradun, Uttarakhand",14.32,563
2025-03-05,potato,"Dehradun, Uttarakhand",16.43,1566
2025-03-12,potato,"Dehradun, Uttarakhand",14.65,965
2025-03-19,potato,"Dehradun, Uttarakhand",16.72,1357
2025-03-26,potato,"Dehradun, Uttarakhand",14.75,1545
2025-04-02,potato,"Dehradun, Uttarakhand",14.31,1154
2025-04-09,potato,"Dehradun, Uttarakhand",13.24,269
2025-04-16,potato,"Dehradun, Uttarakhand",13.96,1093
2025-04-23,potato,"Dehradun, Uttarakhand",13.42,1498
2025-04-30,potato,"Dehradun, Uttarakhand",14.6,736
2025-05-07,potato,"Dehradun, Uttarakhand",11.91,1362
2025-05-14,potato,"Dehradun, Uttarakhand",13.42,1095
2025-05-21,potato,"Dehradun, Uttarakhand",12.25,702
2025-05-28,potato,"Dehradun, Uttarakhand",11.94,943
2025-06-04,potato,"Dehradun, Uttarakhand",12.26,1149
2025-06-11,potato,"Dehradun, Uttarakhand",11.56,945
2025-06-18,potato,"Dehradun, Uttarakhand",10.72,640
2025-06-25,potato,"Dehradun, Uttarakhand",10.17,1062
2025-07-02,potato,"Dehradun, Uttarakhand",10.62,165
2025-07-09,potato,"Dehradun, Uttarakhand",10.92,816
2025-07-16,potato,"Dehradun, Uttarakhand",10.31,165
2025-07-23,potato,"Dehradun, Uttarakhand",9.61,976
2025-07-30,potato,"Dehradun, Uttarakhand",9.73,1141
2025-08-06,potato,"Dehradun, Uttarakhand",9.97,563
2025-08-13,potato,"Dehradun, Uttarakhand",9.47,489
2025-08-20,potato,"Dehradun, Uttarakhand",9.23,605
2025-08-27,potato,"Dehradun, Uttarakhand",10.07,953
2025-09-03,potato,"Dehradun, Uttarakhand",9.96,260
2025-09-10,potato,"Dehradun, Uttarakhand",10.2,831
2025-09-17,potato,"Dehradun, Uttarakhand",10.89,537
2025-09-24,potato,"Dehradun, Uttarakhand",10.5,777
2025-10-01,potato,"Dehradun, Uttarakhand",10.94,297
2025-10-08,potato,"Dehradun, Uttarakhand",10.41,1299
2025-10-15,potato,"Dehradun, Uttarakhand",11.74,1154
2025-10-22,potato,"Dehradun, Uttarakhand",10.88,983
2025-10-29,potato,"Dehradun, Uttarakhand",12.34,514
2025-11-05,potato,"Dehradun, Uttarakhand",12.17,1195
2025-11-12,potato,"Dehradun, Uttarakhand",14.15,1247
2025-11-19,potato,"Dehradun, Uttarakhand",13.91,980
2025-11-26,potato,"Dehradun, Uttarakhand",13.55,1084
2025-12-03,potato,"Dehradun, Uttarakhand",15.43,1183
2025-12-10,potato,"Dehradun, Uttarakhand",16.26,604
2025-12-17,potato,"Dehradun, Uttarakhand",14.57,792
2025-12-24,potato,"Dehradun, Uttarakhand",13.44,1260
2025-12-31,potato,"Dehradun, Uttarakhand",15.05,502
2026-01-07,potato,"Dehradun, Uttarakhand",16.78,594
2026-01-14,potato,"Dehradun, Uttarakhand",16.18,1484
2026-01-21,potato,"Dehradun, Uttarakhand",17.39,1305
2026-01-28,potato,"Dehradun, Uttarakhand",16.12,1580
2026-02-04,potato,"Dehradun, Uttarakhand",17.69,1674
2026-02-11,potato,"Dehradun, Uttarakhand",15.52,408
2026-02-18,potato,"Dehradun, Uttarakhand",15.35,670
2026-02-25,potato,"Dehradun, Uttarakhand",17.63,1489
2026-03-04,potato,"Dehradun, Uttarakhand",15.15,1318
2026-03-11,potato,"Dehradun, Uttarakhand",15.66,384
2026-03-18,potato,"Dehradun, Uttarakhand",15.73,1420
2026-03-25,potato,"Dehradun, Uttarakhand",15.59,1489
2026-04-01,potato,"Dehradun, Uttarakhand",14.51,606
2026-04-08,potato,"Dehradun, Uttarakhand",14.41,1469
2026-04-15,potato,"Dehradun, Uttarakhand",14.95,1492
2026-04-22,potato,"Dehradun, Uttarakhand",15.3,1606
2026-04-29,potato,"Dehradun, Uttarakhand",13.77,1525
2026-05-06,potato,"Dehradun, Uttarakhand",13.41,1327
2026-05-13,potato,"Dehradun, Uttarakhand",13.1,587
2026-05-20,potato,"Dehradun, Uttarakhand",12.23,1310
2026-05-27,potato,"Dehradun, Uttarakhand",12.47,460
2026-06-03,potato,"Dehradun, Uttarakhand",11.56,822
2026-06-10,potato,"Dehradun, Uttarakhand",12.74,695
2026-06-17,potato,"Dehradun, Uttarakhand",11.36,989
2026-06-24,potato,"Dehradun, Uttarakhand",12.46,729
2026-07-01,potato,"Dehradun, Uttarakhand",10.86,336
2026-07-08,potato,"Dehradun, Uttarakhand",10.87,161
2026-07-15,potato,"Dehradun, Uttarakhand",10.12,932
2026-07-22,potato,"Dehradun, Uttarakhand",9.9,935
2026-07-29,potato,"Dehradun, Uttarakhand",10.59,934
